,Player,Tm,FantPos,Age,G,GS,Cmp,Att,Yds,TD,Int,Att,Yds,Y/A,TD,Tgt,Rec,Yds,Y/R,TD,Fmb,FL,TD,2PM,2PP,FantPt,PPR,DKPt,FDPt,VBD,PosRank,OvRank,Year
0,Jonathan Taylor,IND,RB,22,13,13,0,0,0,0,0,241,1348,5.59,16,43,36,336,9.33,2,4,2,18,N/A,N/A,272,308.4,316.4,290.4,168,1,1,2021
1,Cooper Kupp,LAR,WR,28,12,12,0,1,0,0,0,1,-5,-5.00,0,136,100,1366,13.66,11,0,0,11,1,N/A,204,304.1,307.1,254.1,112,1,2,2021
2,Austin Ekeler,LAC,RB,26,12,12,0,0,0,0,0,149,663,4.45,8,71,56,518,9.25,7,4,3,15,1,N/A,204,260.1,269.1,232.1,100,2,3,2021
3,Joe Mixon,CIN,RB,25,12,12,0,0,0,0,0,227,978,4.31,12,31,26,192,7.38,2,2,1,14,N/A,N/A,199,225.0,232.0,212.0,95,3,4,2021
4,Deebo Samuel,SFO,WR,25,11,11,0,0,0,0,0,25,203,8.12,5,92,56,1006,17.96,5,2,2,10,N/A,N/A,177,232.9,240.9,204.9,85,2,5,2021
5,Justin Jefferson,MIN,WR,22,12,12,2,4,35,0,0,4,14,3.50,0,112,78,1209,15.50,7,1,1,7,N/A,N/A,164,241.7,245.7,202.7,71,3,6,2021
6,Derrick Henry ,TEN,RB,27,8,8,1,1,5,1,0,219,937,4.28,10,20,18,154,8.56,0,1,0,10,1,N/A,175,193.3,199.3,184.3,71,4,7,2021
7,Tom Brady,TAM,QB,44,12,12,347,508,3771,34,10,19,52,2.74,1,0,0,0,N/A,0,3,2,1,N/A,N/A,274,274.0,289.0,284.0,65,1,8,2021
8,James Conner,ARI,RB,26,12,3,0,0,0,0,0,166,630,3.80,12,22,20,209,10.45,2,2,0,14,N/A,N/A,168,187.9,193.9,177.9,64,5,9,2021
9,Josh Allen,BUF,QB,25,12,12,289,440,3216,26,10,75,422,5.63,3,0,0,0,N/A,0,7,3,3,2,N/A,271,270.8,289.8,280.8,62,2,10,2021
10,Justin Herbert,LAC,QB,23,12,12,315,473,3547,27,11,44,249,5.66,2,0,0,0,N/A,0,1,1,2,1,3,271,270.8,288.8,281.8,62,3,11,2021
11,Tyreek Hill,KAN,WR,27,12,12,0,0,0,0,0,8,94,11.75,0,127,86,954,11.09,8,2,1,8,N/A,N/A,151,236.8,240.8,193.8,58,4,12,2021
12,Leonard Fournette,TAM,RB,26,12,11,0,1,0,0,0,152,665,4.38,7,70,58,402,6.93,2,1,0,9,N/A,N/A,161,218.7,224.7,189.7,57,6,13,2021
13,Najee Harris,PIT,RB,23,12,12,0,0,0,0,0,217,779,3.59,5,72,57,387,6.79,2,0,0,7,N/A,N/A,159,215.6,221.6,187.1,55,7,14,2021
14,Ezekiel Elliott,DAL,RB,26,12,12,1,1,4,0,0,173,765,4.42,8,49,40,230,5.75,1,1,1,9,2,N/A,156,195.7,202.7,175.7,52,8,15,2021
15,Ja'Marr Chase,CIN,WR,21,12,12,0,0,0,0,0,6,15,2.50,0,90,55,958,17.42,8,2,1,8,N/A,N/A,143,198.3,202.3,170.8,51,5,16,2021
16,Cordarrelle Patterson,ATL,RB,30,11,8,0,1,0,0,0,106,489,4.61,4,57,44,518,11.77,5,2,0,9,N/A,N/A,155,198.7,204.7,176.7,51,9,17,2021
17,Mike Evans,TAM,WR,28,12,12,0,0,0,0,0,1,10,10.00,0,93,57,794,13.93,10,0,0,10,N/A,N/A,140,197.4,200.4,168.9,48,6,18,2021
18,Jalen Hurts,PHI,QB,23,12,12,211,351,2435,13,8,122,695,5.70,8,1,0,0,N/A,0,6,1,8,N/A,3,255,254.9,269.9,262.9,46,4,19,2021
19,Davante Adams,GNB,WR,29,11,11,0,0,0,0,0,0,0,N/A,0,115,80,1083,13.54,5,0,0,5,N/A,N/A,138,218.3,221.3,178.3,46,7,20,2021
20,Matthew Stafford,LAR,QB,33,12,12,292,438,3611,30,9,25,39,1.56,0,0,0,0,N/A,0,2,1,0,N/A,2,252,252.3,265.3,261.3,44,5,21,2021
21,Travis Kelce,KAN,TE,32,12,12,0,0,0,0,0,1,4,4.00,1,105,70,848,12.11,5,1,1,6,N/A,N/A,119,189.2,193.2,154.2,42,1,22,2021
22,Stefon Diggs,BUF,WR,28,12,12,0,0,0,0,0,0,0,N/A,0,108,71,898,12.65,7,1,0,7,N/A,N/A,132,202.8,205.8,167.3,39,8,23,2021
23,Mark Andrews,BAL,TE,26,12,6,0,0,0,0,0,0,0,N/A,0,98,64,811,12.67,5,1,0,5,2,N/A,115,179.1,182.1,147.1,38,2,24,2021
24,Mike Williams,LAC,WR,27,12,10,0,0,0,0,0,0,0,N/A,0,93,55,854,15.53,7,0,0,7,1,N/A,129,184.4,187.4,156.9,37,9,25,2021
25,Chris Godwin,TAM,WR,25,12,12,0,0,0,0,0,4,21,5.25,1,105,82,949,11.57,5,2,2,6,N/A,N/A,129,211.0,216.0,170.0,37,10,26,2021
26,Diontae Johnson,PIT,WR,25,11,10,0,0,0,0,0,3,36,12.00,0,120,76,914,12.03,6,1,1,6,N/A,N/A,129,205.0,209.0,167.0,37,11,27,2021
27,Adam Thielen,MIN,WR,31,12,12,0,0,0,0,0,1,2,2.00,0,92,64,686,10.72,10,1,0,10,N/A,N/A,129,192.8,195.8,160.8,36,12,28,2021
28,Antonio Gibson ,WAS,RB,23,12,10,0,0,0,0,0,206,800,3.88,5,36,31,216,6.97,2,5,3,7,1,N/A,140,170.6,179.6,155.1,36,10,29,2021
29,Patrick Mahomes,KAN,QB,26,12,12,309,478,3384,25,12,48,250,5.21,2,0,0,0,N/A,0,6,3,2,N/A,N/A,242,242.4,263.4,254.4,34,6,30,2021
30,Nick Chubb,CLE,RB,26,9,9,0,0,0,0,0,150,867,5.78,6,14,12,106,8.83,1,2,1,7,N/A,N/A,137,149.3,156.3,143.3,33,11,31,2021
31,CeeDee Lamb,DAL,WR,22,11,11,0,0,0,0,0,6,63,10.50,0,90,57,829,14.54,6,0,0,6,N/A,N/A,125,182.2,185.2,153.7,33,13,32,2021
32,Lamar Jackson,BAL,QB,24,11,11,242,378,2865,16,13,131,762,5.82,2,0,0,0,N/A,0,6,3,2,N/A,2,239,238.8,260.8,251.8,30,7,33,2021
33,Michael Pittman Jr.,IND,WR,24,13,13,0,0,0,0,0,4,41,10.25,0,99,67,882,13.16,5,1,0,5,N/A,N/A,122,189.3,192.3,155.8,30,14,34,2021
34,Damien Harris,NWE,RB,24,12,12,0,0,0,0,0,164,754,4.60,9,15,13,84,6.46,0,2,2,9,N/A,N/A,134,146.8,151.8,140.3,30,12,35,2021
35,Kirk Cousins,MIN,QB,33,12,12,305,446,3353,25,3,20,75,3.75,1,0,0,0,N/A,0,7,2,1,N/A,N/A,238,237.6,245.6,240.6,29,8,36,2021
36,D'Andre Swift,DET,RB,22,11,3,0,1,0,0,0,140,555,3.96,4,70,56,429,7.66,2,2,1,6,N/A,N/A,132,188.4,195.4,160.4,28,13,37,2021
37,D.K. Metcalf,SEA,WR,24,12,12,0,0,0,0,0,0,0,N/A,0,84,52,710,13.65,8,1,0,8,N/A,N/A,119,171.0,174.0,145.0,27,15,38,2021
38,Marquise Brown,BAL,WR,24,11,11,0,0,0,0,0,1,5,5.00,0,99,65,825,12.69,6,2,0,6,N/A,N/A,119,184.0,187.0,151.5,27,16,39,2021
39,Keenan Allen,LAC,WR,29,12,12,0,0,0,0,0,0,0,N/A,0,124,86,929,10.80,4,1,0,4,N/A,1,119,204.9,207.9,161.9,27,17,40,2021
40,Darrell Henderson,LAR,RB,24,10,10,0,0,0,0,0,142,648,4.56,5,38,27,172,6.37,3,0,0,8,N/A,N/A,130,157.0,163.0,143.5,26,14,41,2021
41,James Robinson,JAX,RB,23,11,10,0,0,0,0,0,137,678,4.95,7,40,28,209,7.46,0,4,2,7,N/A,N/A,127,154.7,162.7,140.7,23,15,42,2021
42,Aaron Jones,GNB,RB,27,11,11,0,0,0,0,0,133,564,4.24,3,48,37,298,8.05,4,2,1,7,N/A,N/A,126,163.2,170.2,144.7,22,16,43,2021
43,Alvin Kamara,NOR,RB,26,8,7,0,0,0,0,0,146,530,3.63,3,44,32,310,9.69,4,0,0,7,N/A,N/A,126,158.0,164.0,142.0,22,17,44,2021
44,Jaylen Waddle,MIA,WR,23,13,13,0,0,0,0,0,2,3,1.50,1,114,86,849,9.87,4,2,1,5,N/A,N/A,113,199.2,203.2,156.2,21,18,45,2021
45,Tyler Lockett,SEA,WR,29,12,12,0,0,0,0,0,0,0,N/A,0,84,57,881,15.46,4,0,0,4,N/A,N/A,112,169.1,172.1,140.6,20,19,46,2021
46,Terry McLaurin,WAS,WR,26,12,12,0,0,0,0,0,1,12,12.00,0,103,61,808,13.25,5,0,0,5,N/A,N/A,112,173.0,176.0,142.5,20,20,47,2021
47,D.J. Moore,CAR,WR,24,12,12,0,0,0,0,0,7,35,5.00,0,112,66,854,12.94,4,1,1,4,N/A,N/A,111,176.9,180.9,143.9,19,21,48,2021
48,Aaron Rodgers,GNB,QB,38,11,11,247,373,2878,23,4,24,76,3.17,3,1,1,-4,-4.00,0,2,0,3,N/A,N/A,224,225.3,232.3,228.8,16,9,49,2021
49,Dalvin Cook,MIN,RB,26,9,9,0,0,0,0,0,171,773,4.52,4,39,27,202,7.48,0,3,2,4,1,N/A,120,146.5,154.5,133.0,15,18,50,2021
50,Elijah Mitchell,SFO,RB,23,9,8,0,0,0,0,0,165,759,4.60,5,18,17,126,7.41,0,0,0,5,N/A,N/A,119,135.5,141.5,127.0,14,19,51,2021
51,George Kittle,SFO,TE,28,9,9,0,0,0,0,0,2,14,7.00,0,61,44,606,13.77,5,2,1,5,N/A,N/A,90,134.0,138.0,112.0,13,3,52,2021
52,Javonte Williams,DEN,RB,21,12,1,0,0,0,0,0,140,670,4.79,2,42,33,269,8.15,2,2,1,4,N/A,N/A,116,148.9,155.9,132.4,12,20,53,2021
53,Kendrick Bourne,NWE,WR,26,13,4,1,1,25,1,0,7,81,11.57,0,53,42,623,14.83,5,1,1,5,N/A,N/A,103,145.4,149.4,124.4,11,22,54,2021
54,Melvin Gordon,DEN,RB,28,11,11,0,0,0,0,0,135,605,4.48,5,30,22,166,7.55,2,2,2,7,N/A,N/A,115,137.1,145.1,126.1,11,21,55,2021
55,Myles Gaskin,MIA,RB,24,13,10,0,0,0,0,0,154,526,3.42,3,56,45,217,4.82,4,2,1,7,N/A,N/A,114,159.3,166.3,136.8,10,22,56,2021
56,Dawson Knox,BUF,TE,25,10,9,0,0,0,0,0,0,0,N/A,0,47,33,429,13.00,7,0,0,7,N/A,1,87,119.9,122.9,103.4,10,4,57,2021
57,Josh Jacobs,LVR,RB,23,10,9,0,0,0,0,0,124,472,3.81,7,45,39,236,6.05,0,0,0,7,N/A,N/A,113,151.8,157.8,132.3,9,23,58,2021
58,Dallas Goedert,PHI,TE,26,12,11,0,0,0,0,0,0,0,N/A,0,56,41,596,14.54,4,1,0,4,1,N/A,86,126.6,129.6,106.1,9,5,59,2021
59,Hunter Renfrow,LVR,WR,26,12,6,0,0,0,0,0,2,7,3.50,0,92,73,760,10.41,4,2,0,4,N/A,N/A,101,173.7,176.7,137.2,8,23,60,2021
60,T.J. Hockenson,DET,TE,24,12,12,0,0,0,0,0,0,0,N/A,0,84,61,583,9.56,4,0,0,4,1,N/A,84,145.3,148.3,114.8,7,6,61,2021
61,DeAndre Hopkins,ARI,WR,29,9,9,0,0,0,0,0,0,0,N/A,0,51,37,518,14.00,8,0,0,8,N/A,N/A,100,136.8,139.8,118.3,7,24,62,2021
62,Dalton Schultz,DAL,TE,25,12,12,0,0,0,0,0,0,0,N/A,0,71,52,580,11.15,4,0,0,4,1,N/A,84,136.0,139.0,110.0,7,7,63,2021
63,Darnell Mooney,CHI,WR,24,12,11,0,0,0,0,0,3,27,9.00,1,90,51,721,14.14,3,0,0,4,N/A,N/A,99,149.8,152.8,124.3,6,25,64,2021
64,Dak Prescott,DAL,QB,28,11,11,287,416,3170,23,8,30,91,3.03,1,0,0,0,N/A,0,8,4,1,1,1,214,213.9,228.9,221.9,5,10,65,2021
65,Hunter Henry,NWE,TE,27,13,7,0,0,0,0,0,0,0,N/A,0,50,35,394,11.26,7,0,0,7,N/A,N/A,81,116.4,119.4,98.9,5,8,66,2021
66,Carson Wentz,IND,QB,29,13,13,266,420,2948,22,5,41,167,4.07,1,0,0,0,N/A,0,7,4,1,N/A,1,213,212.6,227.6,217.6,4,11,67,2021
67,Elijah Moore,NYJ,WR,21,11,6,0,0,0,0,0,5,54,10.80,1,77,43,538,12.51,5,0,0,6,N/A,N/A,95,138.2,141.2,116.7,3,26,68,2021
68,Rob Gronkowski,TAM,TE,32,7,7,0,0,0,0,0,0,0,N/A,0,47,33,436,13.21,6,0,0,6,N/A,N/A,80,112.6,115.6,96.1,3,9,69,2021
69,Brandin Cooks,HOU,WR,28,12,12,0,0,0,0,0,2,21,10.50,0,98,65,742,11.42,3,0,0,3,N/A,N/A,94,159.3,162.3,126.8,2,27,70,2021
70,DeVonta Smith,PHI,WR,23,13,12,0,0,0,0,0,0,0,N/A,0,82,50,701,14.02,4,1,1,4,1,N/A,94,144.1,148.1,119.1,2,28,71,2021
71,Tee Higgins,CIN,WR,22,10,10,0,0,0,0,0,0,0,N/A,0,82,52,698,13.42,4,1,1,4,1,N/A,94,145.8,149.8,119.8,1,29,72,2021
72,Mike Gesicki,MIA,TE,26,13,6,0,0,0,0,0,0,0,N/A,0,90,59,642,10.88,2,0,0,2,1,N/A,78,137.2,140.2,107.7,1,10,73,2021
73,Zach Ertz,2TM,TE,31,12,9,0,0,0,0,0,1,4,4.00,0,62,41,468,11.41,5,0,0,5,N/A,N/A,77,118.2,121.2,97.7,N/A,11,74,2021
74,Nick Ralston,DAL,N/A,25,4,0,0,0,0,0,0,0,0,N/A,0,0,0,0,N/A,0,0,0,0,N/A,N/A,N/A,N/A,N/A,N/A,N/A,1,75,2021
75,Amari Cooper,DAL,WR,27,10,9,0,0,0,0,0,0,0,N/A,0,67,46,624,13.57,5,1,0,5,N/A,N/A,92,138.4,141.4,115.4,N/A,30,76,2021
76,Tory Carter,TEN,N/A,22,7,2,0,0,0,0,0,0,0,N/A,0,0,0,0,N/A,0,0,0,0,N/A,N/A,N/A,N/A,N/A,N/A,N/A,2,77,2021
77,Kyle Pitts,ATL,TE,21,12,11,0,0,0,0,0,0,0,N/A,0,82,49,709,14.47,1,0,0,1,N/A,N/A,77,125.9,128.9,101.4,N/A,12,78,2021
78,Kyler Murray,ARI,QB,24,9,9,197,271,2399,19,7,59,206,3.49,5,0,0,0,N/A,0,9,0,5,N/A,N/A,209,208.6,221.6,215.6,N/A,12,N/A,2021
79,Joe Burrow,CIN,QB,25,12,12,259,379,3135,23,14,26,69,2.65,2,0,0,0,N/A,0,4,2,2,N/A,1,206,206.3,225.3,220.3,N/A,13,N/A,2021
80,Derek Carr,LVR,QB,30,12,12,306,451,3663,17,9,29,97,3.34,0,0,0,0,N/A,0,8,2,0,N/A,N/A,202,202.2,216.2,211.2,N/A,14,N/A,2021
81,Taylor Heinicke,WAS,QB,28,12,11,267,393,2809,18,11,52,289,5.56,1,1,1,-2,-2.00,0,5,1,1,N/A,N/A,195,196.1,214.1,206.6,N/A,15,N/A,2021
82,Ryan Tannehill,TEN,QB,33,12,12,256,389,2774,14,13,37,196,5.30,5,0,0,0,N/A,0,7,3,5,N/A,1,187,186.6,208.6,199.6,N/A,16,N/A,2021
83,Teddy Bridgewater,DEN,QB,29,12,12,255,379,2775,16,7,27,96,3.56,2,0,0,0,N/A,0,1,1,2,N/A,1,183,182.6,193.6,189.6,N/A,17,N/A,2021
84,Mac Jones,NWE,QB,23,13,13,270,384,2869,16,8,32,68,2.13,0,0,0,0,N/A,0,5,2,0,N/A,2,170,169.6,182.6,177.6,N/A,18,N/A,2021
85,Jimmy Garoppolo,SFO,QB,30,11,11,207,310,2641,15,8,32,40,1.25,3,0,0,0,N/A,0,5,3,3,N/A,1,168,167.6,181.6,175.6,N/A,19,N/A,2021
86,Daniel Jones,NYG,QB,24,11,11,232,361,2428,10,7,62,298,4.81,2,1,1,16,16.00,0,7,3,2,2,1,167,167.5,183.5,174.0,N/A,21,N/A,2021
87,Matt Ryan,ATL,QB,36,12,12,286,420,2914,16,11,24,45,1.88,1,0,0,0,N/A,0,8,2,1,1,N/A,167,167.1,183.1,178.1,N/A,20,N/A,2021
88,Ben Roethlisberger,PIT,QB,39,11,11,269,415,2758,16,6,12,5,0.42,0,0,0,0,N/A,0,8,4,0,N/A,1,157,156.8,169.8,162.8,N/A,22,N/A,2021
89,Trevor Lawrence,JAX,QB,22,12,12,247,426,2514,9,10,49,241,4.92,2,0,0,0,N/A,0,7,4,2,N/A,2,149,148.7,168.7,158.7,N/A,24,N/A,2021
90,Russell Wilson,SEA,QB,33,9,9,174,259,2042,14,4,29,133,4.59,1,0,0,0,N/A,0,4,0,1,N/A,N/A,149,149.0,159.0,153.0,N/A,23,N/A,2021
91,Jared Goff,DET,QB,27,11,11,266,399,2576,13,7,15,77,5.13,0,0,0,0,N/A,0,9,6,0,N/A,4,145,144.7,160.7,151.7,N/A,25,N/A,2021
92,Baker Mayfield,CLE,QB,26,11,11,194,312,2413,11,6,27,93,3.44,1,0,0,11,N/A,0,6,3,1,N/A,2,143,142.9,154.9,148.9,N/A,26,N/A,2021
93,Tua Tagovailoa,MIA,QB,23,9,8,195,275,1945,12,6,27,69,2.56,3,0,0,0,N/A,0,4,0,3,N/A,1,141,140.7,149.7,146.7,N/A,27,N/A,2021
94,Sam Darnold,CAR,QB,24,9,9,182,306,1986,7,11,37,185,5.00,5,0,0,0,N/A,0,6,2,5,N/A,1,132,131.9,150.9,142.9,N/A,28,N/A,2021
95,Jameis Winston,NOR,QB,27,7,7,95,161,1170,14,3,32,166,5.19,1,0,0,0,N/A,0,2,1,1,N/A,N/A,117,117.4,127.4,120.4,N/A,29,N/A,2021
96,Tony Pollard,DAL,RB,24,12,0,0,0,0,0,0,107,602,5.63,2,35,31,259,8.35,0,1,0,3,N/A,N/A,104,135.1,141.1,119.6,N/A,24,N/A,2021
97,AJ Dillon ,GNB,RB,23,12,1,0,0,0,0,0,128,543,4.24,2,29,27,261,9.67,2,2,1,4,N/A,N/A,102,129.4,136.4,115.9,N/A,25,N/A,2021
98,Darrel Williams,KAN,RB,26,12,5,0,0,0,0,0,105,378,3.60,4,43,35,342,9.77,1,0,0,5,N/A,N/A,102,137.0,143.0,119.5,N/A,26,N/A,2021
99,Michael Carter,NYJ,RB,22,10,7,0,0,0,0,0,111,430,3.87,4,46,32,308,9.63,0,1,1,4,N/A,N/A,96,127.8,134.8,111.8,N/A,28,N/A,2021
100,David Montgomery,CHI,RB,24,8,8,0,0,0,0,0,134,566,4.22,4,24,20,154,7.70,0,0,0,4,N/A,N/A,96,116.0,122.0,106.0,N/A,27,N/A,2021
101,Justin Fields,CHI,QB,22,10,8,115,198,1361,4,8,56,311,5.55,2,0,0,0,N/A,0,9,3,2,N/A,N/A,92,91.5,108.5,99.5,N/A,30,N/A,2021
102,Van Jefferson,LAR,WR,25,12,12,0,0,0,0,0,0,0,N/A,0,70,39,621,15.92,5,0,0,5,N/A,N/A,92,131.1,134.1,111.6,N/A,32,N/A,2021
103,Robert Woods,LAR,WR,29,9,9,0,0,0,0,0,8,46,5.75,1,69,45,556,12.36,4,0,0,5,1,N/A,92,137.2,140.2,114.7,N/A,31,N/A,2021
104,Christian McCaffrey,CAR,RB,25,7,7,0,0,0,0,0,99,442,4.46,1,41,37,343,9.27,1,1,0,2,N/A,N/A,91,127.5,133.5,109.0,N/A,29,N/A,2021
105,Christian Kirk,ARI,WR,25,12,8,1,1,33,0,0,1,11,11.00,0,64,50,632,12.64,4,0,0,4,N/A,N/A,90,139.6,142.6,114.6,N/A,33,N/A,2021
106,Kareem Hunt,CLE,RB,26,7,1,0,0,0,0,0,76,381,5.01,5,25,20,161,8.05,0,0,0,5,1,N/A,86,106.2,112.2,96.2,N/A,30,N/A,2021
107,Devonta Freeman,BAL,RB,29,11,5,0,0,0,0,0,89,376,4.22,4,31,23,170,7.39,1,0,0,5,N/A,N/A,85,107.6,113.6,96.1,N/A,32,N/A,2021
108,J.D. McKissic,WAS,RB,28,11,3,0,0,0,0,0,48,212,4.42,2,53,43,397,9.23,2,0,0,4,N/A,N/A,85,127.9,133.9,106.4,N/A,31,N/A,2021
109,Emmanuel Sanders,BUF,WR,34,12,11,0,0,0,0,0,2,31,15.50,0,67,39,581,14.90,4,0,0,4,N/A,N/A,85,124.2,127.2,104.7,N/A,34,N/A,2021
110,Tyrod Taylor,HOU,QB,32,6,6,91,150,966,5,5,19,151,7.95,3,0,0,0,N/A,0,3,0,3,N/A,N/A,82,81.7,92.7,86.7,N/A,32,N/A,2021
111,Zach Wilson,NYJ,QB,22,8,8,141,243,1539,6,11,13,25,1.92,2,0,0,0,N/A,0,3,0,2,1,1,82,82.1,96.1,93.1,N/A,31,N/A,2021
112,A.J. Brown,TEN,WR,24,10,10,0,1,0,0,0,2,10,5.00,0,78,46,615,13.37,3,0,0,3,N/A,N/A,81,126.5,129.5,103.5,N/A,35,N/A,2021
113,Tim Patrick,DEN,WR,28,12,12,0,0,0,0,0,0,0,N/A,0,61,40,558,13.95,4,0,0,4,N/A,N/A,80,119.8,122.8,99.8,N/A,36,N/A,2021
114,Trevor Siemian,NOR,QB,30,5,4,99,173,1083,9,3,7,21,3.00,1,0,0,0,N/A,0,2,1,1,N/A,N/A,79,79.4,86.4,82.4,N/A,33,N/A,2021
115,Courtland Sutton,DEN,WR,26,12,12,0,0,0,0,0,0,0,N/A,0,76,47,649,13.81,2,0,0,2,1,N/A,79,125.9,128.9,102.4,N/A,37,N/A,2021
116,Mark Ingram,2TM,RB,32,12,10,0,0,0,0,0,147,527,3.59,2,33,25,154,6.16,0,1,1,2,N/A,N/A,78,103.1,110.1,90.6,N/A,33,N/A,2021
117,Marquez Callaway,NOR,WR,23,12,9,0,0,0,0,0,0,0,N/A,0,55,28,409,14.61,6,0,0,6,N/A,N/A,77,104.9,107.9,90.9,N/A,39,N/A,2021
118,Chase Claypool,PIT,WR,23,10,8,0,0,0,0,0,9,54,6.00,0,72,39,660,16.92,1,0,0,1,N/A,N/A,77,116.4,119.4,96.9,N/A,38,N/A,2021
119,Devontae Booker,NYG,RB,29,11,4,0,0,0,0,0,97,376,3.88,2,29,26,201,7.73,1,0,0,3,N/A,N/A,76,101.7,107.7,88.7,N/A,34,N/A,2021
120,Darren Waller,LVR,TE,29,10,10,0,0,0,0,0,0,0,N/A,0,84,53,643,12.13,2,0,0,2,N/A,N/A,76,129.3,132.3,102.8,N/A,13,N/A,2021
121,Kenneth Gainwell,PHI,RB,22,12,0,0,0,0,0,0,55,209,3.80,4,41,28,238,8.50,1,1,1,5,1,N/A,75,102.7,109.7,88.7,N/A,36,N/A,2021
122,Alexander Mattison,MIN,RB,23,12,3,0,0,0,0,0,110,405,3.68,2,28,24,183,7.63,1,1,1,3,N/A,N/A,75,98.8,105.8,86.8,N/A,35,N/A,2021
123,Chuba Hubbard,CAR,RB,22,12,5,0,0,0,0,0,122,427,3.50,3,29,19,152,8.00,0,1,1,3,N/A,N/A,74,92.9,99.9,83.4,N/A,38,N/A,2021
124,Jakobi Meyers,NWE,WR,25,13,12,2,2,45,0,0,0,0,N/A,0,90,59,620,10.51,1,0,0,1,2,N/A,74,132.8,135.8,103.3,N/A,40,N/A,2021
125,Zack Moss,BUF,RB,24,10,0,0,0,0,0,0,83,286,3.45,4,29,20,178,8.90,1,2,1,5,N/A,N/A,74,94.4,101.4,84.4,N/A,37,N/A,2021
126,Kenyan Drake,LVR,RB,27,12,2,0,0,0,0,0,63,254,4.03,2,40,30,291,9.70,1,1,0,3,N/A,N/A,73,102.5,108.5,87.5,N/A,40,N/A,2021
127,A.J. Green,ARI,WR,33,11,6,0,0,0,0,0,0,0,N/A,0,56,35,552,15.77,3,0,0,3,N/A,N/A,73,108.2,111.2,90.7,N/A,41,N/A,2021
128,Devin Singletary,BUF,RB,24,12,11,0,0,0,0,0,108,495,4.58,2,33,26,118,4.54,0,5,0,2,N/A,N/A,73,99.3,105.3,86.3,N/A,39,N/A,2021
129,Jacoby Brissett,MIA,QB,29,8,5,141,225,1283,5,4,18,68,3.78,1,0,0,0,N/A,0,6,3,1,N/A,1,72,72.1,82.1,76.1,N/A,34,N/A,2021
130,Deonte Harris,NOR,WR,24,11,1,0,0,0,0,0,4,32,8.00,0,53,31,523,16.87,3,2,1,3,N/A,N/A,72,102.5,106.5,87.0,N/A,43,N/A,2021
131,Marvin Jones,JAX,WR,31,12,11,0,0,0,0,0,0,0,N/A,0,82,48,540,11.25,3,0,0,3,N/A,N/A,72,120.0,123.0,96.0,N/A,42,N/A,2021
132,Miles Sanders,PHI,RB,24,10,10,0,0,0,0,0,112,578,5.16,0,29,23,140,6.09,0,1,1,0,1,N/A,72,94.8,101.8,83.3,N/A,41,N/A,2021
133,Tyler Boyd,CIN,WR,27,12,7,1,1,46,0,0,1,14,14.00,0,72,51,556,10.90,2,0,0,2,N/A,N/A,71,121.8,124.8,96.3,N/A,45,N/A,2021
134,Corey Davis,NYJ,WR,26,9,9,0,0,0,0,0,0,0,N/A,0,59,34,492,14.47,4,2,1,4,N/A,N/A,71,105.2,109.2,88.2,N/A,44,N/A,2021
135,Pat Freiermuth,PIT,TE,23,12,8,0,0,0,0,0,0,0,N/A,0,57,43,353,8.21,6,1,1,6,1,N/A,71,114.3,118.3,92.8,N/A,14,N/A,2021
136,Rhamondre Stevenson,NWE,RB,23,9,1,0,0,0,0,0,100,429,4.29,3,15,12,117,9.75,0,1,1,3,N/A,N/A,71,82.6,89.6,76.6,N/A,42,N/A,2021
137,Jamaal Williams,DET,RB,26,10,9,0,0,0,0,0,110,459,4.17,2,24,22,126,5.73,0,1,0,2,N/A,N/A,71,92.5,98.5,81.5,N/A,43,N/A,2021
138,Mike Davis,ATL,RB,28,12,7,0,0,0,0,0,100,338,3.38,2,45,34,197,5.79,1,2,1,3,N/A,N/A,70,103.5,110.5,86.5,N/A,44,N/A,2021
139,Davis Mills,HOU,QB,23,8,6,146,223,1406,7,8,9,19,2.11,0,0,0,0,N/A,0,4,1,0,1,N/A,70,70.1,82.1,78.1,N/A,35,N/A,2021
140,Saquon Barkley,NYG,RB,24,8,8,0,0,0,0,0,84,315,3.75,2,40,30,193,6.43,1,1,0,3,N/A,N/A,69,98.8,104.8,83.8,N/A,45,N/A,2021
141,Brandon Aiyuk,SFO,WR,23,12,11,0,0,0,0,0,4,13,3.25,0,54,35,487,13.91,3,1,1,3,1,N/A,68,103.0,107.0,85.5,N/A,46,N/A,2021
142,Chase Edmonds,ARI,RB,25,9,9,0,0,0,0,0,76,430,5.66,1,37,30,211,7.03,0,1,1,1,N/A,N/A,68,98.1,105.1,83.1,N/A,46,N/A,2021
143,Antonio Brown,TAM,WR,33,5,2,0,0,0,0,0,1,6,6.00,0,42,29,418,14.41,4,0,0,4,N/A,N/A,66,95.4,98.4,80.9,N/A,47,N/A,2021
144,Randall Cobb,GNB,WR,31,12,3,0,0,0,0,0,1,1,1.00,0,39,28,375,13.39,5,1,1,5,N/A,N/A,66,93.6,97.6,79.6,N/A,48,N/A,2021
145,Clyde Edwards-Helaire,KAN,RB,22,7,7,0,0,0,0,0,91,421,4.63,1,15,13,102,7.85,2,2,2,3,N/A,N/A,66,79.3,87.3,72.8,N/A,47,N/A,2021
146,Sony Michel,LAR,RB,26,12,2,0,0,0,0,0,103,426,4.14,2,17,14,70,5.00,1,1,1,3,N/A,N/A,66,79.6,83.6,72.6,N/A,48,N/A,2021
147,Tyler Conklin,MIN,TE,26,12,10,0,0,0,0,0,0,0,N/A,0,64,47,469,9.98,3,1,0,3,N/A,N/A,65,111.9,114.9,88.4,N/A,16,N/A,2021
148,C.J. Uzomah,CIN,TE,28,12,12,0,0,0,0,0,0,0,N/A,0,40,33,351,10.64,5,0,0,5,N/A,N/A,65,98.1,101.1,81.6,N/A,15,N/A,2021
149,Ty Johnson,NYJ,RB,24,12,2,0,0,0,0,0,49,187,3.82,1,43,27,285,10.56,2,2,1,3,N/A,N/A,63,90.2,97.2,76.7,N/A,49,N/A,2021
150,Cedrick Wilson Jr.,DAL,WR,26,11,4,2,2,57,0,0,2,11,5.50,0,44,30,420,14.00,3,2,0,3,N/A,N/A,63,93.4,96.4,78.4,N/A,49,N/A,2021
151,Nelson Agholor,NWE,WR,28,13,11,0,0,0,0,0,3,11,3.67,0,55,32,416,13.00,3,0,0,3,N/A,N/A,61,92.7,95.7,76.7,N/A,50,N/A,2021
152,Henry Ruggs III,LVR,WR,22,7,7,0,0,0,0,0,3,16,5.33,0,36,24,469,19.54,2,0,0,2,N/A,N/A,61,84.5,87.5,72.5,N/A,51,N/A,2021
153,Cole Beasley,BUF,WR,32,12,5,0,1,0,0,0,0,0,N/A,0,82,63,541,8.59,1,0,0,1,N/A,N/A,60,123.1,126.1,91.6,N/A,53,N/A,2021
154,Jared Cook,LAC,TE,34,12,8,0,0,0,0,0,0,0,N/A,0,59,36,400,11.11,3,0,0,3,1,N/A,60,96.0,99.0,78.0,N/A,18,N/A,2021
155,Bryan Edwards,LVR,WR,23,12,10,0,0,0,0,0,1,0,0.00,0,45,25,476,19.04,2,0,0,2,N/A,N/A,60,84.6,87.6,72.1,N/A,54,N/A,2021
156,Noah Fant,DEN,TE,24,11,11,0,0,0,0,0,0,0,N/A,0,67,49,424,8.65,3,0,0,3,N/A,N/A,60,109.4,112.4,84.9,N/A,17,N/A,2021
157,Nyheim Hines,IND,RB,25,13,2,0,0,0,0,0,51,261,5.12,2,47,32,262,8.19,0,2,2,2,N/A,N/A,60,92.3,100.3,76.3,N/A,50,N/A,2021
158,K.J. Osborn,MIN,WR,24,12,5,0,0,0,0,0,1,10,10.00,0,54,35,412,11.77,3,0,0,3,N/A,N/A,60,95.2,98.2,77.7,N/A,52,N/A,2021
159,David Njoku,CLE,TE,25,12,9,0,0,0,0,0,1,1,1.00,0,40,27,407,15.07,3,0,0,3,N/A,N/A,59,85.8,88.8,72.3,N/A,19,N/A,2021
160,Alex Collins,SEA,RB,27,10,6,0,0,0,0,0,101,395,3.91,2,9,8,86,10.75,0,1,1,2,N/A,N/A,58,66.1,70.1,62.1,N/A,51,N/A,2021
161,Andy Dalton,CHI,QB,34,6,4,98,153,1017,6,6,12,55,4.58,0,0,0,0,N/A,0,1,1,0,N/A,1,58,58.2,68.2,64.2,N/A,36,N/A,2021
162,Tyler Higbee,LAR,TE,28,12,12,0,0,0,0,0,0,0,N/A,0,62,44,395,8.98,3,1,0,3,N/A,N/A,58,101.5,104.5,79.5,N/A,20,N/A,2021
163,Latavius Murray,BAL,RB,31,9,4,0,0,0,0,0,79,259,3.28,4,9,8,60,7.50,0,0,0,4,N/A,N/A,56,63.9,66.9,59.9,N/A,52,N/A,2021
164,Brandon Bolden,NWE,RB,31,13,1,0,0,0,0,0,30,169,5.63,0,34,32,303,9.47,1,1,0,1,1,N/A,55,87.2,93.2,71.2,N/A,53,N/A,2021
165,DeAndre Carter,WAS,WR,28,12,5,0,0,0,0,0,6,45,7.50,0,32,19,267,14.05,3,3,0,4,N/A,N/A,55,74.2,77.2,64.7,N/A,55,N/A,2021
166,Taysom Hill,NOR,QB,31,8,5,26,49,320,2,5,31,205,6.61,3,6,4,52,13.00,0,0,0,3,N/A,N/A,55,58.5,69.5,61.5,N/A,37,N/A,2021
167,Boston Scott,PHI,RB,26,13,3,0,0,0,0,0,61,285,4.67,4,12,9,44,4.89,0,1,1,4,N/A,N/A,55,63.9,67.9,59.4,N/A,54,N/A,2021
168,Kalif Raymond,DET,WR,27,12,12,0,0,0,0,0,2,10,5.00,0,53,35,412,11.77,2,0,0,2,N/A,N/A,54,89.2,92.2,71.7,N/A,56,N/A,2021
169,Geno Smith,SEA,QB,31,4,3,65,95,702,5,1,9,42,4.67,1,0,0,0,N/A,0,1,1,1,N/A,N/A,54,54.3,59.3,55.3,N/A,38,N/A,2021
170,D'Ernest Johnson,CLE,RB,25,12,2,0,0,0,0,0,61,320,5.25,2,14,11,94,8.55,0,1,0,2,N/A,N/A,53,64.4,67.4,58.9,N/A,55,N/A,2021
171,Rondale Moore,ARI,WR,21,12,6,0,0,0,0,0,15,64,4.27,0,57,48,421,8.77,1,3,1,1,N/A,N/A,53,100.5,104.5,76.5,N/A,58,N/A,2021
172,Zach Pascal,IND,WR,27,13,12,0,0,0,0,0,2,21,10.50,0,63,35,346,9.89,3,1,1,3,N/A,N/A,53,87.7,91.7,70.2,N/A,57,N/A,2021
173,Jamal Agnew,JAX,WR,26,10,2,0,0,0,0,0,7,111,15.86,1,39,24,229,9.54,1,1,0,3,N/A,N/A,52,76.0,82.0,64.0,N/A,61,N/A,2021
174,Gabriel Davis,BUF,WR,22,12,1,0,0,0,0,0,0,0,N/A,0,31,19,342,18.00,3,0,0,3,N/A,N/A,52,71.2,74.2,61.7,N/A,59,N/A,2021
175,Amon-Ra St. Brown,DET,WR,22,12,5,0,0,0,0,0,1,2,2.00,0,64,49,438,8.94,1,0,0,1,1,N/A,52,101.0,104.0,76.5,N/A,60,N/A,2021
176,Jamison Crowder,NYJ,WR,28,9,2,0,0,0,0,0,0,0,N/A,0,56,42,372,8.86,2,1,1,2,1,1,51,93.2,97.2,72.2,N/A,63,N/A,2021
177,Byron Pringle,KAN,WR,28,12,2,0,0,0,0,0,0,0,N/A,0,36,24,352,14.67,3,2,1,3,N/A,N/A,51,75.2,79.2,63.2,N/A,64,N/A,2021
178,Quez Watkins,PHI,WR,23,13,10,0,0,0,0,0,1,3,3.00,0,46,31,491,15.84,0,0,0,0,1,N/A,51,82.4,85.4,66.9,N/A,62,N/A,2021
179,Russell Gage,ATL,WR,25,9,4,0,0,0,0,0,0,0,N/A,0,53,38,400,10.53,2,1,1,2,N/A,N/A,50,88.0,92.0,69.0,N/A,65,N/A,2021
180,Khalil Herbert,CHI,RB,23,12,2,0,0,0,0,0,94,389,4.14,1,11,10,55,5.50,0,0,0,1,N/A,N/A,50,60.4,63.4,55.4,N/A,56,N/A,2021
181,Donovan Peoples-Jones,CLE,WR,22,9,4,0,0,0,0,0,0,0,N/A,0,28,18,340,18.89,3,1,1,3,N/A,N/A,50,68.0,72.0,59.0,N/A,66,N/A,2021
182,Odell Beckham Jr.,2TM,WR,29,9,8,0,0,0,0,0,2,14,7.00,0,52,26,359,13.81,2,0,0,2,N/A,N/A,49,75.3,78.3,62.3,N/A,67,N/A,2021
183,Jack Doyle,IND,TE,31,13,10,0,0,0,0,0,0,0,N/A,0,40,27,291,10.78,3,0,0,3,1,N/A,49,76.1,79.1,62.6,N/A,21,N/A,2021
184,Mecole Hardman,KAN,WR,23,12,7,0,0,0,0,0,5,36,7.20,0,60,43,436,10.14,1,3,2,1,N/A,N/A,49,92.2,97.2,70.7,N/A,68,N/A,2021
185,DeSean Jackson,2TM,WR,35,11,1,0,0,0,0,0,1,4,4.00,0,21,13,375,28.85,2,1,1,2,N/A,N/A,48,60.9,64.9,54.4,N/A,70,N/A,2021
186,Laviska Shenault Jr.,JAX,WR,23,12,8,0,0,0,0,0,10,31,3.10,0,76,48,471,9.81,0,1,1,0,N/A,N/A,48,96.2,100.2,72.2,N/A,69,N/A,2021
187,Robby Anderson,CAR,WR,28,12,11,0,0,0,0,0,1,3,3.00,0,69,29,288,9.93,3,0,0,3,N/A,N/A,47,76.1,79.1,61.6,N/A,71,N/A,2021
188,Jarvis Landry,CLE,WR,29,8,8,0,0,0,0,0,5,34,6.80,2,52,33,356,10.79,0,3,2,2,N/A,N/A,47,80.0,85.0,63.5,N/A,72,N/A,2021
189,Samaje Perine,CIN,RB,26,11,0,0,0,0,0,0,46,201,4.37,1,21,18,145,8.06,1,0,0,2,N/A,N/A,47,64.6,70.6,55.6,N/A,57,N/A,2021
190,Mo Alie-Cox,IND,TE,28,13,6,0,0,0,0,0,0,0,N/A,0,32,17,219,12.88,4,0,0,4,N/A,N/A,46,62.9,65.9,54.4,N/A,22,N/A,2021
191,Trey Lance,SFO,QB,21,5,1,25,48,354,3,1,30,137,4.57,1,0,0,0,N/A,0,0,0,1,1,N/A,46,45.9,52.9,46.9,N/A,39,N/A,2021
192,Nick Westbrook-Ikhine,TEN,WR,24,11,4,0,0,0,0,0,0,0,N/A,0,37,25,297,11.88,3,1,1,3,N/A,N/A,46,70.7,74.7,58.2,N/A,73,N/A,2021
193,Devin Duvernay,BAL,WR,24,12,6,0,0,0,0,0,4,41,10.25,0,36,26,226,8.69,2,1,0,3,N/A,N/A,45,70.7,73.7,57.7,N/A,76,N/A,2021
194,Jordan Howard,PHI,RB,27,4,0,0,0,0,0,0,51,274,5.37,3,0,0,0,N/A,0,0,0,3,N/A,N/A,45,45.4,48.4,45.4,N/A,58,N/A,2021
195,Ronald Jones II,TAM,RB,24,12,1,0,0,0,0,0,60,266,4.43,3,7,5,39,7.80,0,2,2,3,N/A,N/A,45,49.5,54.5,47.0,N/A,59,N/A,2021
196,DeVante Parker,MIA,WR,28,6,5,0,0,0,0,0,0,0,N/A,0,48,30,389,12.97,1,0,0,1,N/A,N/A,45,74.9,77.9,59.9,N/A,74,N/A,2021
197,Olamide Zaccheaus,ATL,WR,24,12,5,0,0,0,0,0,1,2,2.00,0,41,22,266,12.09,3,0,0,3,N/A,N/A,45,66.8,69.8,55.8,N/A,75,N/A,2021
198,Cam Newton,CAR,QB,32,3,2,29,52,289,3,2,16,65,4.06,3,0,0,0,N/A,0,0,0,3,N/A,N/A,44,44.1,46.1,46.1,N/A,40,N/A,2021
199,Mike White,NYJ,QB,26,4,3,88,132,953,5,8,5,-1,-0.20,0,0,0,0,N/A,0,0,0,0,1,N/A,44,44.0,55.0,52.0,N/A,41,N/A,2021
200,Evan Engram,NYG,TE,27,10,9,0,0,0,0,0,1,-3,-3.00,0,52,35,334,9.54,2,1,1,2,N/A,N/A,43,78.1,82.1,60.6,N/A,23,N/A,2021
201,David Johnson,HOU,RB,30,11,3,0,0,0,0,0,56,176,3.14,0,37,28,214,7.64,1,1,1,1,N/A,N/A,43,71.0,78.0,57.0,N/A,60,N/A,2021
202,Freddie Swain,SEA,WR,23,12,4,0,0,0,0,0,4,29,7.25,0,33,20,219,10.95,3,1,0,3,N/A,N/A,43,62.8,65.8,52.8,N/A,79,N/A,2021
203,Marquez Valdes-Scantling,GNB,WR,27,7,5,0,0,0,0,0,0,0,N/A,0,39,17,309,18.18,2,0,0,2,N/A,N/A,43,59.9,62.9,51.4,N/A,78,N/A,2021
204,Sammy Watkins,BAL,WR,28,9,8,0,0,0,0,0,0,0,N/A,0,46,27,394,14.59,1,1,1,1,N/A,N/A,43,70.4,74.4,56.9,N/A,77,N/A,2021
205,Chris Carson,SEA,RB,27,4,4,0,0,0,0,0,54,232,4.30,3,6,6,29,4.83,0,1,1,3,N/A,N/A,42,48.1,52.1,45.1,N/A,61,N/A,2021
206,Mack Hollins,MIA,WR,28,13,3,0,0,0,0,0,0,0,N/A,0,23,13,183,14.08,4,0,0,4,N/A,N/A,42,55.3,58.3,48.8,N/A,80,N/A,2021
207,Dan Arnold,2TM,TE,26,11,4,0,0,0,0,0,0,0,N/A,0,52,35,408,11.66,0,1,1,0,1,N/A,41,75.8,79.8,58.3,N/A,24,N/A,2021
208,Kenny Golladay,NYG,WR,28,9,9,0,0,0,0,0,0,0,N/A,0,46,26,409,15.73,0,0,0,0,N/A,N/A,41,66.9,69.9,53.9,N/A,81,N/A,2021
209,Kadarius Toney,NYG,WR,22,9,4,1,3,19,0,0,3,6,2.00,0,48,35,392,11.20,0,0,0,0,N/A,N/A,41,75.6,78.6,58.1,N/A,82,N/A,2021
210,Travis Homer,SEA,RB,23,11,0,0,0,0,0,0,14,146,10.43,1,17,15,138,9.20,0,0,0,2,N/A,N/A,40,55.4,61.4,47.9,N/A,62,N/A,2021
211,Austin Hooper,CLE,TE,27,12,12,0,0,0,0,0,0,0,N/A,0,45,28,261,9.32,2,0,0,2,1,N/A,40,68.1,71.1,54.1,N/A,26,N/A,2021
212,Cole Kmet,CHI,TE,22,12,12,0,0,0,0,0,1,0,0.00,0,64,40,402,10.05,0,0,0,0,N/A,N/A,40,80.2,83.2,60.2,N/A,25,N/A,2021
213,Allen Lazard ,GNB,WR,26,10,8,0,0,0,0,0,0,0,N/A,0,32,19,223,11.74,3,0,0,3,N/A,N/A,40,59.3,62.3,49.8,N/A,83,N/A,2021
214,Calvin Ridley,ATL,WR,27,5,5,0,0,0,0,0,0,0,N/A,0,52,31,281,9.06,2,0,0,2,N/A,N/A,40,71.1,74.1,55.6,N/A,84,N/A,2021
215,Allen Robinson,CHI,WR,28,9,9,0,0,0,0,0,0,0,N/A,0,50,30,339,11.30,1,0,0,1,N/A,N/A,40,69.9,72.9,54.9,N/A,85,N/A,2021
216,Colt McCoy,ARI,QB,35,6,3,68,90,684,3,1,21,34,1.62,0,0,0,0,N/A,0,4,1,0,N/A,N/A,39,38.8,43.8,39.8,N/A,42,N/A,2021
217,Jalen Guyton,LAC,WR,24,12,2,0,0,0,0,0,6,33,5.50,0,32,18,289,16.06,1,1,0,1,N/A,N/A,38,56.2,59.2,47.2,N/A,86,N/A,2021
218,Donald Parham,LAC,TE,24,12,9,0,0,0,0,0,0,0,N/A,0,24,18,177,9.83,3,0,0,3,1,N/A,38,55.7,58.7,46.7,N/A,27,N/A,2021
219,Sterling Shepard,NYG,WR,28,5,5,0,0,0,0,0,1,-9,-9.00,0,43,32,324,10.13,1,0,0,1,N/A,N/A,38,69.5,72.5,53.5,N/A,87,N/A,2021
220,Gerald Everett,SEA,TE,27,10,9,0,0,0,0,0,2,7,3.50,0,44,34,279,8.21,2,2,2,2,N/A,N/A,37,70.6,75.6,53.6,N/A,28,N/A,2021
221,Tre'Quan Smith,NOR,WR,25,7,3,0,0,0,0,0,0,0,N/A,0,37,22,251,11.41,2,0,0,2,N/A,N/A,37,59.1,62.1,48.1,N/A,88,N/A,2021
222,Giovani Bernard,TAM,RB,30,11,0,0,0,0,0,0,8,58,7.25,0,29,23,123,5.35,3,1,0,3,N/A,N/A,36,59.1,62.1,47.6,N/A,63,N/A,2021
223,Jonnu Smith,NWE,TE,26,12,10,0,0,0,0,0,6,28,4.67,0,41,26,271,10.42,1,1,0,1,N/A,N/A,36,61.9,64.9,48.9,N/A,29,N/A,2021
224,Logan Thomas,WAS,TE,30,6,6,0,0,0,0,0,0,0,N/A,0,25,18,196,10.89,3,1,1,3,N/A,N/A,36,53.6,57.6,44.6,N/A,30,N/A,2021
225,Foster Moreau,LVR,TE,24,12,6,0,0,0,0,0,0,0,N/A,0,22,13,169,13.00,3,0,0,3,N/A,N/A,35,47.9,50.9,41.4,N/A,32,N/A,2021
226,Jalen Reagor,PHI,WR,22,13,11,0,0,0,0,0,6,25,4.17,0,46,26,208,8.00,2,2,0,2,N/A,N/A,35,61.3,64.3,48.3,N/A,89,N/A,2021
227,Ricky Seals-Jones,WAS,TE,26,9,5,0,0,0,0,0,0,0,N/A,0,35,23,230,10.00,2,0,0,2,N/A,N/A,35,58.0,61.0,46.5,N/A,31,N/A,2021
228,Matt Breida,BUF,RB,26,6,0,0,0,0,0,0,22,112,5.09,1,8,7,72,10.29,2,1,1,3,N/A,N/A,34,41.4,45.4,37.9,N/A,64,N/A,2021
229,Quintez Cephus,DET,WR,23,5,3,0,0,0,0,0,0,0,N/A,0,22,15,204,13.60,2,0,0,2,1,N/A,34,49.4,52.4,41.9,N/A,90,N/A,2021
230,Marquise Goodwin,CHI,WR,31,11,2,0,0,0,0,0,2,-1,-0.50,0,33,16,277,17.31,1,0,0,1,N/A,N/A,34,49.6,52.6,41.6,N/A,91,N/A,2021
231,Julio Jones,TEN,WR,32,6,6,0,0,0,0,0,0,0,N/A,0,31,21,336,16.00,0,0,0,0,N/A,N/A,34,54.6,57.6,44.1,N/A,92,N/A,2021
232,Jeremy McNichols,TEN,RB,26,10,0,0,0,0,0,0,18,69,3.83,0,33,25,215,8.60,1,0,0,1,N/A,N/A,34,59.4,62.4,46.9,N/A,65,N/A,2021
233,MyCole Pruitt,TEN,TE,29,12,6,0,0,0,0,0,0,0,N/A,0,14,12,139,11.58,3,0,0,3,1,N/A,34,45.9,48.9,39.9,N/A,33,N/A,2021
234,Braxton Berrios,NYJ,WR,26,12,0,0,0,0,0,0,2,15,7.50,0,36,26,251,9.65,1,0,0,1,N/A,N/A,33,58.6,61.6,45.6,N/A,94,N/A,2021
235,Carlos Hyde,JAX,RB,31,11,2,0,0,0,0,0,71,251,3.54,1,19,11,59,5.36,0,2,2,1,N/A,N/A,33,44.0,49.0,38.5,N/A,66,N/A,2021
236,Jerry Jeudy,DEN,WR,22,6,3,0,0,0,0,0,2,3,1.50,0,37,28,330,11.79,0,1,0,0,N/A,N/A,33,61.3,64.3,47.3,N/A,93,N/A,2021
237,Phillip Lindsay,2TM,RB,27,11,1,0,0,0,0,0,62,172,2.77,1,4,3,37,12.33,1,0,0,2,N/A,N/A,33,35.9,38.9,34.4,N/A,67,N/A,2021
238,Ty'Son Williams,BAL,RB,25,9,3,0,0,0,0,0,34,181,5.32,1,12,9,84,9.33,0,1,0,1,N/A,N/A,33,41.5,44.5,37.0,N/A,68,N/A,2021
239,Ashton Dulin,IND,WR,24,13,1,0,0,0,0,0,1,-7,-7.00,0,19,12,150,12.50,2,0,0,3,N/A,N/A,32,44.3,47.3,38.3,N/A,96,N/A,2021
240,Michael Gallup,DAL,WR,25,5,4,0,0,0,0,0,0,0,N/A,0,39,22,264,12.00,1,0,0,1,N/A,N/A,32,54.4,57.4,43.4,N/A,95,N/A,2021
241,Juwan Johnson,NOR,TE,25,10,1,0,0,0,0,0,0,0,N/A,0,17,10,135,13.50,3,0,0,3,N/A,N/A,32,41.5,44.5,36.5,N/A,35,N/A,2021
242,Zay Jones,LVR,WR,26,12,4,0,0,0,0,0,1,4,4.00,0,28,17,257,15.12,1,0,0,1,N/A,N/A,32,49.1,52.1,40.6,N/A,97,N/A,2021
243,Demarcus Robinson,KAN,WR,27,12,7,0,0,0,0,0,0,0,N/A,0,28,18,197,10.94,2,0,0,2,N/A,N/A,32,49.7,52.7,40.7,N/A,98,N/A,2021
244,Robert Tonyan,GNB,TE,27,8,5,0,0,0,0,0,0,0,N/A,0,29,18,204,11.33,2,0,0,2,N/A,N/A,32,50.4,53.4,41.4,N/A,34,N/A,2021
245,Damien Williams,CHI,RB,29,7,2,0,0,0,0,0,37,139,3.76,2,14,11,64,5.82,0,0,0,2,N/A,N/A,32,43.3,46.3,37.8,N/A,69,N/A,2021
246,Ryan Griffin,NYJ,TE,31,12,11,0,0,0,0,0,0,0,N/A,0,37,23,194,8.43,2,1,0,2,N/A,N/A,31,54.4,57.4,42.9,N/A,36,N/A,2021
247,Adam Humphries,WAS,WR,28,12,8,0,0,0,0,0,0,0,N/A,0,39,29,307,10.59,0,0,0,0,N/A,N/A,31,59.7,62.7,45.2,N/A,100,N/A,2021
248,Kyle Juszczyk,SFO,RB,30,12,11,0,0,0,0,0,7,16,2.29,0,28,23,231,10.04,1,0,0,1,N/A,N/A,31,53.7,56.7,42.2,N/A,70,N/A,2021
249,Darius Slayton,NYG,WR,24,9,4,0,0,0,0,0,1,-13,-13.00,0,44,21,280,13.33,1,1,1,1,N/A,N/A,31,51.7,55.7,41.2,N/A,99,N/A,2021
250,Rashod Bateman,BAL,WR,22,7,2,0,0,0,0,0,0,0,N/A,0,39,25,301,12.04,0,0,0,0,N/A,N/A,30,55.1,58.1,42.6,N/A,101,N/A,2021
251,Cameron Brate,TAM,TE,30,12,3,0,0,0,0,0,0,0,N/A,0,39,20,184,9.20,2,0,0,2,N/A,N/A,30,50.4,53.4,40.4,N/A,37,N/A,2021
252,Keelan Cole,NYJ,WR,28,10,7,0,0,0,0,0,0,0,N/A,0,33,19,299,15.74,0,0,0,0,N/A,N/A,30,48.9,51.9,39.4,N/A,102,N/A,2021
253,Tevin Coleman,NYJ,RB,28,8,4,0,0,0,0,0,57,243,4.26,0,14,10,45,4.50,0,0,0,0,N/A,N/A,29,38.8,41.8,33.8,N/A,71,N/A,2021
254,Josh Reynolds,2TM,WR,26,8,2,0,0,0,0,0,0,0,N/A,0,28,17,229,13.47,1,0,0,1,N/A,N/A,29,45.9,48.9,37.4,N/A,104,N/A,2021
255,Chester Rogers,TEN,WR,27,11,1,0,0,0,0,0,1,9,9.00,0,33,20,238,11.90,1,1,1,1,N/A,N/A,29,48.7,52.7,38.7,N/A,105,N/A,2021
256,John Ross,NYG,WR,26,9,1,0,0,0,0,0,1,16,16.00,0,19,10,217,21.70,1,1,0,1,N/A,N/A,29,39.3,42.3,34.3,N/A,103,N/A,2021
257,Adam Trautman,NOR,TE,24,10,8,0,0,0,0,0,0,0,N/A,0,40,25,241,9.64,1,1,1,1,N/A,N/A,28,53.1,57.1,40.6,N/A,38,N/A,2021
258,Salvon Ahmed,MIA,RB,23,12,0,0,0,0,0,0,54,149,2.76,0,19,12,117,9.75,0,0,0,0,N/A,N/A,27,38.6,44.6,32.6,N/A,73,N/A,2021
259,Rex Burkhead,HOU,RB,31,11,1,0,1,0,0,0,45,126,2.80,1,13,9,80,8.89,0,0,0,1,N/A,N/A,27,35.6,38.6,31.1,N/A,72,N/A,2021
260,DJ Chark,JAX,WR,25,4,4,0,0,0,0,0,0,0,N/A,0,22,7,154,22.00,2,0,0,2,N/A,N/A,27,34.4,37.4,30.9,N/A,106,N/A,2021
261,Chris Conley,HOU,WR,29,12,8,0,0,0,0,0,0,0,N/A,0,26,14,233,16.64,1,1,1,1,N/A,N/A,27,41.3,45.3,34.3,N/A,107,N/A,2021
262,Josh Johnson,NYJ,QB,35,3,0,29,45,334,3,1,4,18,4.50,0,0,0,0,N/A,0,0,0,0,1,N/A,27,27.2,31.2,28.2,N/A,43,N/A,2021
263,Albert Okwuegbunam,DEN,TE,23,9,4,0,0,0,0,0,0,0,N/A,0,27,23,226,9.83,1,1,1,1,N/A,N/A,27,49.6,53.6,38.1,N/A,40,N/A,2021
264,Tommy Tremble,CAR,TE,21,12,9,0,0,0,0,0,2,7,3.50,1,22,13,120,9.23,1,0,0,2,1,N/A,27,39.7,42.7,33.2,N/A,39,N/A,2021
265,Dontrell Hilliard,TEN,RB,26,3,1,0,0,0,0,0,19,166,8.74,1,12,9,49,5.44,0,2,1,1,N/A,N/A,26,34.5,38.5,30.0,N/A,74,N/A,2021
266,Durham Smythe,MIA,TE,26,13,8,0,0,0,0,0,2,3,1.50,0,32,25,253,10.12,0,0,0,0,N/A,N/A,26,50.6,53.6,38.1,N/A,42,N/A,2021
267,Geoff Swaim,TEN,TE,28,11,11,0,0,0,0,0,0,0,N/A,0,27,20,139,6.95,2,0,0,2,N/A,N/A,26,45.9,48.9,35.9,N/A,41,N/A,2021
268,James Washington,PIT,WR,25,11,2,0,0,0,0,0,2,13,6.50,0,30,17,184,10.82,1,0,0,1,N/A,N/A,26,42.7,45.7,34.2,N/A,108,N/A,2021
269,Rashard Higgins,CLE,WR,27,11,2,0,0,0,0,0,0,0,N/A,0,31,15,185,12.33,1,0,0,1,N/A,N/A,25,39.5,42.5,32.0,N/A,111,N/A,2021
270,Lil'Jordan Humphrey,NOR,WR,23,6,1,0,0,0,0,0,0,0,N/A,0,10,7,127,18.14,2,0,0,2,N/A,N/A,25,31.7,34.7,28.2,N/A,110,N/A,2021
271,Kyle Rudolph,NYG,TE,32,11,8,0,0,0,0,0,0,0,N/A,0,28,19,165,8.68,1,0,0,1,1,N/A,25,43.5,46.5,34.0,N/A,44,N/A,2021
272,Trey Sermon,SFO,RB,22,9,2,0,0,0,0,0,41,167,4.07,1,4,3,26,8.67,0,0,0,1,N/A,N/A,25,28.3,31.3,26.8,N/A,75,N/A,2021
273,Maxx Williams,ARI,TE,27,5,5,0,0,0,0,0,0,0,N/A,0,17,16,193,12.06,1,0,0,1,N/A,N/A,25,41.3,44.3,33.3,N/A,43,N/A,2021
274,Brandon Zylstra,CAR,WR,28,9,0,0,0,0,0,0,0,0,N/A,0,14,12,188,15.67,1,0,0,1,N/A,N/A,25,36.8,39.8,30.8,N/A,109,N/A,2021
275,Peyton Barber,LVR,RB,27,5,1,0,0,0,0,0,38,146,3.84,1,6,4,33,8.25,0,1,0,1,N/A,N/A,24,27.9,30.9,25.9,N/A,76,N/A,2021
276,Will Dissly,SEA,TE,25,12,11,0,0,0,0,0,0,0,N/A,0,21,17,182,10.71,1,1,0,1,N/A,N/A,24,41.2,44.2,32.7,N/A,45,N/A,2021
277,Joe Flacco,NYJ,QB,36,2,1,27,42,338,3,0,2,3,1.50,0,0,0,0,N/A,0,1,1,0,N/A,N/A,24,23.8,27.8,23.8,N/A,44,N/A,2021
278,D'Onta Foreman,TEN,RB,25,4,1,0,0,0,0,0,42,193,4.60,0,4,4,66,16.50,0,1,1,0,N/A,N/A,24,27.9,31.9,25.9,N/A,77,N/A,2021
279,Jimmy Graham,CHI,TE,35,10,3,0,0,0,0,0,0,0,N/A,0,13,7,99,14.14,2,0,0,2,1,N/A,24,30.9,30.9,27.4,N/A,46,N/A,2021
280,T.Y. Hilton,IND,WR,32,6,5,0,0,0,0,0,0,0,N/A,0,23,15,177,11.80,1,0,0,1,N/A,N/A,24,38.7,41.7,31.2,N/A,112,N/A,2021
281,Nico Collins,HOU,WR,22,9,4,0,0,0,0,0,0,0,N/A,0,30,18,228,12.67,0,0,0,0,N/A,N/A,23,40.8,43.8,31.8,N/A,116,N/A,2021
282,Chris Evans,CIN,RB,24,10,0,0,0,0,0,0,9,41,4.56,0,11,11,127,11.55,1,0,0,1,N/A,N/A,23,33.8,36.8,28.3,N/A,78,N/A,2021
283,Demetric Felton,CLE,RB,23,11,0,0,0,0,0,0,6,18,3.00,0,15,13,147,11.31,1,2,0,1,N/A,N/A,23,35.5,38.5,29.0,N/A,80,N/A,2021
284,Isaiah Ford,MIA,WR,25,9,0,0,0,0,0,0,0,0,N/A,0,11,8,110,13.75,2,0,0,2,N/A,N/A,23,31.0,34.0,27.0,N/A,115,N/A,2021
285,Tyler Johnson,TAM,WR,23,12,1,0,0,0,0,0,0,0,N/A,0,32,20,230,11.50,0,0,0,0,N/A,N/A,23,43.0,46.0,33.0,N/A,114,N/A,2021
286,Josh Palmer,LAC,WR,23,12,1,0,0,0,0,0,1,6,6.00,0,21,15,168,11.20,1,0,0,1,N/A,N/A,23,38.4,41.4,30.9,N/A,113,N/A,2021
287,Adrian Peterson,2TM,RB,36,4,3,0,0,0,0,0,38,98,2.58,2,4,4,8,2.00,0,1,0,2,N/A,N/A,23,26.6,26.6,24.6,N/A,79,N/A,2021
288,Ameer Abdullah,2TM,RB,28,12,1,0,0,0,0,0,28,95,3.39,0,24,16,129,8.06,0,0,0,0,N/A,N/A,22,38.4,41.4,30.4,N/A,81,N/A,2021
289,Parris Campbell,IND,WR,24,5,3,0,0,0,0,0,0,0,N/A,0,17,10,162,16.20,1,0,0,1,N/A,N/A,22,32.2,35.2,27.2,N/A,118,N/A,2021
290,DeeJay Dallas,SEA,RB,23,12,0,0,0,0,0,0,17,64,3.76,1,15,14,99,7.07,0,1,0,1,N/A,N/A,22,36.3,36.3,29.3,N/A,82,N/A,2021
291,Tajae Sharpe,ATL,WR,27,12,4,0,0,0,0,0,0,0,N/A,0,32,24,223,9.29,0,0,0,0,N/A,N/A,22,46.3,49.3,34.3,N/A,117,N/A,2021
292,Albert Wilson,MIA,WR,29,12,4,0,1,0,0,0,3,16,5.33,0,37,24,204,8.50,0,0,0,0,N/A,N/A,22,46.0,49.0,34.0,N/A,119,N/A,2021
293,Harrison Bryant,CLE,TE,23,12,3,0,0,0,0,0,0,0,N/A,0,21,16,211,13.19,0,0,0,0,N/A,N/A,21,37.1,40.1,29.1,N/A,47,N/A,2021
294,Eric Ebron,PIT,TE,28,8,3,0,0,0,0,0,1,1,1.00,1,18,12,84,7.00,1,0,0,2,N/A,N/A,21,32.5,32.5,26.5,N/A,50,N/A,2021
295,Anthony Firkser,TEN,TE,26,10,1,0,0,0,0,0,0,0,N/A,0,28,20,145,7.25,0,1,0,1,N/A,N/A,21,40.5,43.5,30.5,N/A,51,N/A,2021
296,Kendall Hinton,DEN,WR,24,11,0,0,0,0,0,0,0,0,N/A,0,17,13,152,11.69,1,0,0,1,N/A,N/A,21,34.2,37.2,27.7,N/A,120,N/A,2021
297,Blake Jarwin,DAL,TE,27,7,5,0,0,0,0,0,0,0,N/A,0,15,10,90,9.00,2,0,0,2,N/A,N/A,21,31.0,31.0,26.0,N/A,48,N/A,2021
298,Jermar Jefferson,DET,RB,21,5,0,0,0,0,0,0,10,65,6.50,2,5,4,23,5.75,0,0,0,2,N/A,N/A,21,24.8,24.8,22.8,N/A,83,N/A,2021
299,Brevin Jordan,HOU,TE,21,5,2,0,0,0,0,0,0,0,N/A,0,16,11,87,7.91,2,0,0,2,N/A,N/A,21,31.7,31.7,26.2,N/A,49,N/A,2021
300,Chris Moore,HOU,WR,28,9,1,0,0,0,0,0,0,0,N/A,0,15,14,149,10.64,1,0,0,1,N/A,N/A,21,34.9,37.9,27.9,N/A,121,N/A,2021
301,Danny Amendola,HOU,WR,36,7,0,0,1,0,0,0,0,0,N/A,0,29,17,135,7.94,1,1,0,1,N/A,N/A,20,36.5,39.5,28.0,N/A,123,N/A,2021
302,Le'Veon Bell,BAL,RB,29,5,0,0,0,0,0,0,31,83,2.68,2,3,1,-1,-1.00,0,0,0,2,N/A,N/A,20,21.2,21.2,20.7,N/A,85,N/A,2021
303,Malcolm Brown,MIA,RB,28,7,3,0,0,0,0,0,33,125,3.79,1,5,3,10,3.33,0,0,0,1,N/A,N/A,20,22.5,25.5,21.0,N/A,87,N/A,2021
304,Jamycal Hasty,SFO,RB,25,6,0,0,0,0,0,0,13,48,3.69,1,18,13,91,7.00,0,0,0,1,N/A,N/A,20,32.9,32.9,26.4,N/A,86,N/A,2021
305,O.J. Howard,TAM,TE,27,12,8,0,0,0,0,0,0,0,N/A,0,20,14,135,9.64,1,0,0,1,N/A,N/A,20,33.5,36.5,26.5,N/A,53,N/A,2021
306,Hayden Hurst,ATL,TE,28,9,5,0,0,0,0,0,0,0,N/A,0,25,20,158,7.90,1,3,1,1,N/A,N/A,20,39.8,43.8,29.8,N/A,52,N/A,2021
307,Godwin Igwebuike,DET,RB,27,12,0,0,0,0,0,0,8,93,11.63,1,7,5,49,9.80,0,0,0,1,N/A,N/A,20,25.2,25.2,22.7,N/A,84,N/A,2021
308,JuJu Smith-Schuster,PIT,WR,25,5,5,0,0,0,0,0,3,9,3.00,1,28,15,129,8.60,0,0,0,1,N/A,N/A,20,34.8,37.8,27.3,N/A,122,N/A,2021
309,Jauan Jennings,SFO,WR,24,11,1,0,0,0,0,0,0,0,N/A,0,13,8,70,8.75,2,0,0,2,N/A,N/A,19,27.0,27.0,23.0,N/A,124,N/A,2021
310,Gardner Minshew II,PHI,QB,25,2,1,22,27,253,2,0,4,11,2.75,0,0,0,0,N/A,0,1,0,0,N/A,N/A,19,19.2,19.2,19.2,N/A,45,N/A,2021
311,James White,NWE,RB,29,3,0,0,0,0,0,0,10,38,3.80,1,14,12,94,7.83,0,0,0,1,N/A,N/A,19,31.2,31.2,25.2,N/A,88,N/A,2021
312,Noah Brown,DAL,WR,25,11,1,0,0,0,0,0,0,0,N/A,0,25,16,184,11.50,0,0,0,0,N/A,N/A,18,34.4,37.4,26.4,N/A,125,N/A,2021
313,Mohamed Sanu,SFO,WR,32,8,0,0,0,0,0,0,0,0,N/A,0,24,15,177,11.80,0,0,0,0,N/A,N/A,18,32.7,35.7,25.2,N/A,127,N/A,2021
314,Malik Turner,DAL,WR,25,9,0,0,0,0,0,0,0,0,N/A,0,12,8,61,7.63,2,0,0,2,N/A,N/A,18,26.1,26.1,22.1,N/A,126,N/A,2021
315,Joe Fortson,KAN,TE,26,6,0,0,0,0,0,0,0,0,N/A,0,5,5,47,9.40,2,0,0,2,N/A,N/A,17,21.7,21.7,19.2,N/A,54,N/A,2021
316,Cooper Rush,DAL,QB,28,3,1,27,43,342,2,1,4,-4,-1.00,0,0,0,0,N/A,0,1,1,0,N/A,N/A,17,17.3,22.3,18.3,N/A,46,N/A,2021
317,Stephen Anderson,LAC,TE,28,12,2,0,0,0,0,0,0,0,N/A,0,14,11,100,9.09,1,0,0,1,N/A,N/A,16,27.0,30.0,21.5,N/A,57,N/A,2021
318,Tavon Austin,JAX,WR,31,9,0,0,0,0,0,0,0,0,N/A,0,18,11,115,10.45,1,1,1,1,N/A,N/A,16,26.5,30.5,21.0,N/A,129,N/A,2021
319,Eno Benjamin,ARI,RB,22,6,0,0,0,0,0,0,25,84,3.36,1,3,2,17,8.50,0,0,0,1,N/A,N/A,16,18.1,18.1,17.1,N/A,89,N/A,2021
320,Josiah Deguara,GNB,TE,24,11,0,0,0,0,0,0,0,0,N/A,0,15,12,103,8.58,1,0,0,1,N/A,N/A,16,28.3,31.3,22.3,N/A,56,N/A,2021
321,Justin Jackson,LAC,RB,25,9,0,0,0,0,0,0,20,118,5.90,0,10,9,40,4.44,0,0,0,0,N/A,N/A,16,24.8,27.8,20.3,N/A,91,N/A,2021
322,Marcus Johnson,TEN,WR,27,7,3,0,0,0,0,0,2,-2,-1.00,0,19,9,160,17.78,0,0,0,0,N/A,N/A,16,24.8,27.8,20.3,N/A,128,N/A,2021
323,Case Keenum,CLE,QB,33,5,1,30,48,286,1,0,7,7,1.00,0,0,0,0,N/A,0,0,0,0,N/A,N/A,16,16.1,16.1,16.1,N/A,47,N/A,2021
324,Tyler Kroft,NYJ,TE,29,6,4,0,0,0,0,0,0,0,N/A,0,15,10,104,10.40,1,0,0,1,N/A,N/A,16,26.4,29.4,21.4,N/A,55,N/A,2021
325,Elijhaa Penny,NYG,RB,28,12,2,0,0,0,0,0,22,89,4.05,1,6,4,9,2.25,0,0,0,1,N/A,N/A,16,19.8,19.8,17.8,N/A,90,N/A,2021
326,Jordan Akins,HOU,TE,29,9,3,0,0,0,0,0,1,3,3.00,0,28,21,184,8.76,0,2,2,0,N/A,N/A,15,35.7,40.7,25.2,N/A,58,N/A,2021
327,Derrick Gore,KAN,RB,27,6,0,0,0,0,0,0,20,80,4.00,1,2,2,13,6.50,0,0,0,1,N/A,N/A,15,17.3,17.3,16.3,N/A,92,N/A,2021
328,Alec Ingold,LVR,RB,25,9,3,0,0,0,0,0,2,1,0.50,0,12,10,85,8.50,1,0,0,1,N/A,N/A,15,24.6,24.6,19.6,N/A,94,N/A,2021
329,Dante Pettis,NYG,WR,26,3,0,1,1,16,0,0,0,0,N/A,0,16,10,87,8.70,1,1,0,1,N/A,N/A,15,25.3,25.3,20.3,N/A,130,N/A,2021
330,Larry Rountree,LAC,RB,22,10,0,0,0,0,0,0,36,87,2.42,1,2,1,-1,-1.00,0,0,0,1,N/A,N/A,15,15.6,15.6,15.1,N/A,93,N/A,2021
331,Mason Rudolph,PIT,QB,26,1,1,30,50,242,1,1,4,36,9.00,0,0,0,0,N/A,0,1,0,0,N/A,N/A,15,15.3,16.3,16.3,N/A,48,N/A,2021
332,Cam Sims,WAS,WR,25,9,0,0,0,0,0,0,1,7,7.00,0,9,7,81,11.57,1,0,0,1,N/A,N/A,15,21.8,21.8,18.3,N/A,132,N/A,2021
333,J.J. Taylor,NWE,RB,23,5,0,0,0,0,0,0,19,37,1.95,2,4,4,8,2.00,0,1,1,2,N/A,N/A,15,18.5,19.5,16.5,N/A,95,N/A,2021
334,Ian Thomas,CAR,TE,25,12,9,0,0,0,0,0,0,0,N/A,0,23,13,146,11.23,0,0,0,0,N/A,N/A,15,27.6,30.6,21.1,N/A,59,N/A,2021
335,Greg Ward,PHI,WR,26,13,0,0,1,0,0,0,0,0,N/A,0,4,2,30,15.00,2,0,0,2,N/A,N/A,15,17.0,17.0,16.0,N/A,131,N/A,2021
336,Mike Glennon,NYG,QB,32,2,1,39,69,383,1,3,2,2,1.00,0,0,0,0,N/A,0,1,0,0,N/A,N/A,14,13.5,19.5,16.5,N/A,49,N/A,2021
337,C.J. Ham,MIN,RB,28,12,5,0,0,0,0,0,7,34,4.86,0,12,12,101,8.42,0,0,0,0,N/A,N/A,14,25.5,28.5,19.5,N/A,97,N/A,2021
338,Terrace Marshall Jr.,CAR,WR,21,9,3,0,0,0,0,0,0,0,N/A,0,26,14,116,8.29,0,0,0,0,1,N/A,14,27.6,30.6,20.6,N/A,136,N/A,2021
339,Ray-Ray McCloud,PIT,WR,25,11,2,0,0,0,0,0,2,15,7.50,0,28,20,148,7.40,0,3,1,0,N/A,N/A,14,34.3,38.3,24.3,N/A,134,N/A,2021
340,Ty Montgomery,NOR,WR,28,10,2,0,0,0,0,0,14,48,3.43,0,22,15,94,6.27,0,0,0,0,N/A,N/A,14,29.2,29.2,21.7,N/A,135,N/A,2021
341,Kene Nwangwu,MIN,RB,23,6,0,0,0,0,0,0,4,16,4.00,0,3,2,4,2.00,0,0,0,2,N/A,N/A,14,16.0,16.0,15.0,N/A,96,N/A,2021
342,Laquon Treadwell,JAX,WR,26,7,3,0,0,0,0,0,0,0,N/A,0,20,10,144,14.40,0,0,0,0,N/A,N/A,14,24.4,27.4,19.4,N/A,133,N/A,2021
343,Nick Vannett,NOR,TE,28,3,0,0,0,0,0,0,0,0,N/A,0,6,5,79,15.80,1,0,0,1,N/A,N/A,14,18.9,18.9,16.4,N/A,60,N/A,2021
344,Pharaoh Brown,HOU,TE,27,10,7,0,0,0,0,0,0,0,N/A,0,28,18,147,8.17,0,1,1,0,N/A,N/A,13,30.7,34.7,21.7,N/A,62,N/A,2021
345,D'Wayne Eskridge,SEA,WR,24,5,0,0,0,0,0,0,2,22,11.00,0,9,7,47,6.71,1,0,0,1,N/A,N/A,13,19.9,19.9,16.4,N/A,139,N/A,2021
346,Wayne Gallman,ATL,RB,27,6,0,0,0,0,0,0,28,104,3.71,0,3,1,21,21.00,0,0,0,0,N/A,N/A,13,13.5,16.5,13.0,N/A,99,N/A,2021
347,Tyler Huntley,BAL,QB,23,3,1,31,47,258,0,1,10,50,5.00,0,0,0,0,N/A,0,1,0,0,N/A,N/A,13,13.3,14.3,14.3,N/A,50,N/A,2021
348,Denzel Mims,NYJ,WR,24,7,2,0,0,0,0,0,0,0,N/A,0,15,8,133,16.63,0,0,0,0,N/A,N/A,13,21.3,24.3,17.3,N/A,137,N/A,2021
349,James O'Shaughnessy,JAX,TE,29,4,3,0,0,0,0,0,0,0,N/A,0,20,12,114,9.50,0,0,0,0,1,N/A,13,25.4,28.4,19.4,N/A,61,N/A,2021
350,Patrick Ricard,BAL,RB,27,12,10,0,0,0,0,0,2,4,2.00,0,13,8,63,7.88,1,0,0,1,N/A,N/A,13,20.7,20.7,16.7,N/A,98,N/A,2021
351,Anthony Schwartz,CLE,WR,21,10,2,0,0,0,0,0,3,12,4.00,0,17,8,117,14.63,0,0,0,0,N/A,N/A,13,20.9,23.9,16.9,N/A,138,N/A,2021
352,Kenny Stills,NOR,WR,29,10,4,0,0,0,0,0,1,1,1.00,0,22,5,64,12.80,1,0,0,1,N/A,N/A,13,17.5,17.5,15.0,N/A,140,N/A,2021
353,John Bates,WAS,TE,24,12,3,0,0,0,0,0,0,0,N/A,0,13,12,116,9.67,0,0,0,0,N/A,N/A,12,23.6,26.6,17.6,N/A,66,N/A,2021
354,Jesse James,CHI,TE,27,11,7,0,0,0,0,0,0,0,N/A,0,7,6,58,9.67,1,0,0,1,N/A,N/A,12,17.8,17.8,14.8,N/A,65,N/A,2021
355,Tony Jones,NOR,RB,24,6,2,0,0,0,0,0,38,106,2.79,0,6,4,10,2.50,0,0,0,0,N/A,N/A,12,15.6,18.6,13.6,N/A,101,N/A,2021
356,Marcedes Lewis,GNB,TE,37,12,12,0,0,0,0,0,0,0,N/A,0,17,14,121,8.64,0,1,0,0,N/A,N/A,12,26.1,29.1,19.1,N/A,63,N/A,2021
357,Jordan Love,GNB,QB,23,4,1,24,41,258,1,1,9,19,2.11,0,0,0,0,N/A,0,2,1,0,N/A,N/A,12,12.2,14.2,13.2,N/A,51,N/A,2021
358,Chris Manhertz,JAX,TE,29,12,9,0,0,0,0,0,0,0,N/A,0,7,5,60,12.00,1,0,0,1,N/A,N/A,12,17.0,17.0,14.5,N/A,64,N/A,2021
359,Jerick McKinnon,KAN,RB,29,11,0,0,0,0,0,0,7,38,5.43,0,17,10,81,8.10,0,0,0,0,N/A,N/A,12,21.9,21.9,16.9,N/A,100,N/A,2021
360,Jaret Patterson,WAS,RB,22,12,0,0,0,0,0,0,33,106,3.21,0,3,2,9,4.50,0,0,0,0,N/A,N/A,12,13.5,16.5,12.5,N/A,102,N/A,2021
361,James Proche,BAL,WR,25,11,0,0,0,0,0,0,0,0,N/A,0,11,8,118,14.75,0,0,0,0,N/A,N/A,12,19.8,22.8,15.8,N/A,142,N/A,2021
362,Trent Sherfield,SFO,WR,25,12,1,0,0,0,0,0,0,0,N/A,0,16,7,62,8.86,1,0,0,1,N/A,N/A,12,19.2,19.2,15.7,N/A,141,N/A,2021
363,Damiere Byrd,CHI,WR,28,12,2,0,0,0,0,0,0,0,N/A,0,19,12,110,9.17,0,0,0,0,N/A,N/A,11,23.0,26.0,17.0,N/A,145,N/A,2021
364,Ross Dwelley,SFO,TE,26,12,2,0,0,0,0,0,0,0,N/A,0,5,4,51,12.75,1,0,0,1,N/A,N/A,11,15.1,15.1,13.1,N/A,68,N/A,2021
365,Dez Fitzpatrick,TEN,WR,24,3,0,0,0,0,0,0,0,0,N/A,0,8,5,49,9.80,1,0,0,1,N/A,N/A,11,15.9,15.9,13.4,N/A,146,N/A,2021
366,Royce Freeman,2TM,RB,25,10,0,0,0,0,0,0,24,87,3.63,0,7,4,26,6.50,0,0,0,0,N/A,N/A,11,15.3,15.3,13.3,N/A,103,N/A,2021
367,Cyril Grayson,TAM,WR,28,2,0,0,0,0,0,0,0,0,N/A,0,1,1,50,50.00,1,0,0,1,N/A,N/A,11,12.0,12.0,11.5,N/A,144,N/A,2021
368,Marlon Mack,IND,RB,25,6,0,0,0,0,0,0,28,101,3.61,0,5,2,8,4.00,0,0,0,0,N/A,N/A,11,12.9,15.9,11.9,N/A,105,N/A,2021
369,Marcus Mariota,LVR,QB,28,6,0,0,0,0,0,0,5,45,9.00,1,0,0,0,N/A,0,0,0,1,N/A,N/A,11,10.5,10.5,10.5,N/A,52,N/A,2021
370,Rashaad Penny,SEA,RB,25,5,1,0,0,0,0,0,27,78,2.89,0,1,1,27,27.00,0,0,0,0,N/A,N/A,11,11.5,11.5,11.0,N/A,106,N/A,2021
371,Eric Saubert,DEN,TE,27,12,4,0,0,0,0,0,0,0,N/A,0,11,8,47,5.88,1,0,0,1,N/A,N/A,11,18.7,18.7,14.7,N/A,70,N/A,2021
372,Adam Shaheen,MIA,TE,27,9,7,0,0,0,0,0,0,0,N/A,0,16,12,110,9.17,0,0,0,0,N/A,N/A,11,23.0,26.0,17.0,N/A,69,N/A,2021
373,Lee Smith,ATL,TE,34,11,5,0,0,0,0,0,0,0,N/A,0,9,8,53,6.63,1,0,0,1,N/A,N/A,11,19.3,19.3,15.3,N/A,67,N/A,2021
374,Austin Walter,NYJ,RB,25,2,0,0,0,0,0,0,10,40,4.00,1,3,2,9,4.50,0,0,0,1,N/A,N/A,11,12.9,12.9,11.9,N/A,104,N/A,2021
375,Antoine Wesley,ARI,WR,24,10,2,0,0,0,0,0,0,0,N/A,0,11,8,113,14.13,0,0,0,0,N/A,N/A,11,19.3,22.3,15.3,N/A,143,N/A,2021
376,Jakeem Grant,2TM,WR,29,12,0,0,0,0,0,0,2,11,5.50,0,14,10,86,8.60,1,3,3,1,N/A,N/A,10,19.7,22.7,14.7,N/A,150,N/A,2021
377,Kylen Granson,IND,TE,23,13,0,0,0,0,0,0,0,0,N/A,0,14,10,100,10.00,0,0,0,0,N/A,N/A,10,20.0,23.0,15.0,N/A,73,N/A,2021
378,N'Keal Harry,NWE,WR,24,9,3,0,0,0,0,0,0,0,N/A,0,10,8,117,14.63,0,1,1,0,N/A,N/A,10,17.7,21.7,13.7,N/A,149,N/A,2021
379,Chris Hogan,NOR,WR,34,5,1,0,0,0,0,0,0,0,N/A,0,8,4,41,10.25,1,0,0,1,N/A,N/A,10,14.1,14.1,12.1,N/A,147,N/A,2021
380,Brian Hoyer,NWE,QB,36,4,0,6,7,164,1,0,9,-9,-1.00,0,0,0,0,N/A,0,0,0,0,N/A,N/A,10,9.7,9.7,9.7,N/A,53,N/A,2021
381,Jeff Smith,NYJ,WR,24,9,0,0,0,0,0,0,1,-1,-1.00,0,9,6,98,16.33,0,0,0,0,N/A,N/A,10,15.7,15.7,12.7,N/A,151,N/A,2021
382,Tommy Sweeney,BUF,TE,26,12,3,0,0,0,0,0,0,0,N/A,0,11,9,44,4.89,1,1,0,1,N/A,N/A,10,19.4,19.4,14.9,N/A,71,N/A,2021
383,Auden Tate,CIN,WR,24,7,0,0,0,0,0,0,0,0,N/A,0,4,3,39,13.00,1,0,0,1,N/A,N/A,10,12.9,12.9,11.4,N/A,148,N/A,2021
384,Brock Wright,DET,TE,23,6,2,0,0,0,0,0,0,0,N/A,0,6,4,42,10.50,1,0,0,1,N/A,N/A,10,14.2,14.2,12.2,N/A,72,N/A,2021
385,Antony Auclair,HOU,TE,28,12,9,0,0,0,0,0,0,0,N/A,0,3,3,34,11.33,1,0,0,1,N/A,N/A,9,12.4,12.4,10.9,N/A,74,N/A,2021
386,Cameron Batson,TEN,WR,26,4,0,0,0,0,0,0,2,15,7.50,0,5,2,15,7.50,1,0,0,1,N/A,N/A,9,11.0,11.0,10.0,N/A,153,N/A,2021
387,Deon Jackson,IND,RB,22,6,0,0,0,0,0,0,12,31,2.58,1,0,0,0,N/A,0,0,0,1,N/A,N/A,9,9.1,9.1,9.1,N/A,108,N/A,2021
388,Collin Johnson,NYG,WR,24,10,0,0,0,0,0,0,0,0,N/A,0,20,10,89,8.90,0,0,0,0,N/A,N/A,9,18.9,18.9,13.9,N/A,154,N/A,2021
389,Isaiah McKenzie,BUF,WR,26,10,1,0,0,0,0,0,5,27,5.40,1,8,5,26,5.20,0,1,1,1,N/A,N/A,9,14.3,15.3,11.8,N/A,152,N/A,2021
390,Sean McKeon,DAL,TE,24,5,2,0,0,0,0,0,0,0,N/A,0,6,4,27,6.75,1,0,0,1,N/A,N/A,9,12.7,12.7,10.7,N/A,75,N/A,2021
391,Anthony Miller,2TM,WR,27,3,1,0,0,0,0,0,0,0,N/A,0,12,6,25,4.17,1,0,0,1,N/A,N/A,9,14.5,14.5,11.5,N/A,156,N/A,2021
392,Equanimeous St. Brown,GNB,WR,25,9,1,0,0,0,0,0,2,24,12.00,0,10,6,62,10.33,0,0,0,0,N/A,N/A,9,14.6,14.6,11.6,N/A,155,N/A,2021
393,P.J. Walker,CAR,QB,26,5,1,30,54,287,0,2,5,18,3.60,0,0,0,0,N/A,0,2,1,0,N/A,1,9,9.3,12.3,11.3,N/A,54,N/A,2021
394,Jeff Wilson,SFO,RB,26,4,1,0,0,0,0,0,31,83,2.68,0,3,2,10,5.00,0,1,0,0,N/A,N/A,9,11.3,11.3,10.3,N/A,107,N/A,2021
395,Alex Armah,NOR,RB,27,9,2,0,0,0,0,0,5,21,4.20,0,1,1,1,1.00,1,0,0,1,N/A,N/A,8,9.2,9.2,8.7,N/A,110,N/A,2021
396,Dyami Brown,WAS,WR,22,10,5,0,0,0,0,0,1,-4,-4.00,0,21,9,87,9.67,0,0,0,0,N/A,N/A,8,17.3,17.3,12.8,N/A,157,N/A,2021
397,Zach Gentry,PIT,TE,25,12,7,0,0,0,0,0,0,0,N/A,0,13,9,80,8.89,0,0,0,0,N/A,N/A,8,17.0,17.0,12.5,N/A,78,N/A,2021
398,Noah Gray,KAN,TE,22,11,0,0,0,0,0,0,0,0,N/A,0,7,4,18,4.50,1,0,0,1,N/A,N/A,8,11.8,11.8,9.8,N/A,79,N/A,2021
399,Chris Herndon,MIN,TE,25,12,4,0,0,0,0,0,0,0,N/A,0,6,3,23,7.67,1,0,0,1,N/A,N/A,8,11.3,11.3,9.8,N/A,76,N/A,2021
400,KhaDarel Hodge,DET,WR,26,11,1,0,0,0,0,0,0,0,N/A,0,15,7,60,8.57,0,0,0,0,1,N/A,8,15.0,15.0,11.5,N/A,158,N/A,2021
401,Jacob Hollister,JAX,TE,28,4,2,0,0,0,0,0,0,0,N/A,0,9,4,21,5.25,1,0,0,1,N/A,N/A,8,12.1,12.1,10.1,N/A,77,N/A,2021
402,Andy Janovich,CLE,RB,28,8,2,0,0,0,0,0,2,0,0.00,1,1,0,0,N/A,0,0,0,1,1,N/A,8,8.0,8.0,8.0,N/A,111,N/A,2021
403,Keith Smith,ATL,RB,29,12,6,0,0,0,0,0,9,31,3.44,0,9,8,53,6.63,0,0,0,0,N/A,N/A,8,16.4,16.4,12.4,N/A,109,N/A,2021
404,Mitchell Trubisky,BUF,QB,27,5,0,5,7,28,0,1,10,27,2.70,1,0,0,0,N/A,0,0,0,1,N/A,N/A,8,7.8,8.8,8.8,N/A,55,N/A,2021
405,Preston Williams,MIA,WR,24,7,3,0,0,0,0,0,1,7,7.00,0,16,6,71,11.83,0,0,0,0,N/A,N/A,8,13.8,13.8,10.8,N/A,159,N/A,2021
406,Trinity Benson,DET,WR,24,7,1,0,0,0,0,0,0,0,N/A,0,18,8,72,9.00,0,0,0,0,N/A,N/A,7,15.2,15.2,11.2,N/A,162,N/A,2021
407,KJ Hamler,DEN,WR,22,3,2,0,0,0,0,0,0,0,N/A,0,10,5,74,14.80,0,0,0,0,N/A,N/A,7,12.4,12.4,9.9,N/A,160,N/A,2021
408,Chris Myarick,NYG,TE,26,6,1,0,0,0,0,0,0,0,N/A,0,3,2,11,5.50,1,0,0,1,N/A,N/A,7,9.1,9.1,8.1,N/A,80,N/A,2021
409,Ben Skowronek,LAR,WR,24,9,1,0,0,0,0,0,0,0,N/A,0,10,5,73,14.60,0,0,0,0,N/A,N/A,7,12.3,12.3,9.8,N/A,161,N/A,2021
410,Johnny Stanton,CLE,RB,27,4,0,0,0,0,0,0,3,5,1.67,0,2,2,7,3.50,1,0,0,1,N/A,N/A,7,9.2,9.2,8.2,N/A,112,N/A,2021
411,C.J. Board,NYG,WR,28,6,1,0,0,0,0,0,1,6,6.00,0,6,4,51,12.75,0,0,0,0,N/A,N/A,6,9.7,9.7,7.7,N/A,165,N/A,2021
412,Mike Boone,DEN,RB,26,5,0,0,0,0,0,0,4,35,8.75,0,2,2,22,11.00,0,0,0,0,N/A,N/A,6,7.7,7.7,6.7,N/A,115,N/A,2021
413,Ja'Marcus Bradley,CLE,WR,25,2,0,0,0,0,0,0,0,0,N/A,0,4,4,64,16.00,0,0,0,0,N/A,N/A,6,10.4,10.4,8.4,N/A,164,N/A,2021
414,Alex Erickson,CAR,WR,29,12,0,0,0,0,0,0,0,0,N/A,0,3,3,55,18.33,0,0,0,0,N/A,N/A,6,8.5,8.5,7.0,N/A,166,N/A,2021
415,Jesper Horsted,CHI,TE,24,6,0,0,0,0,0,0,0,0,N/A,0,2,1,2,2.00,1,0,0,1,N/A,N/A,6,7.2,7.2,6.7,N/A,81,N/A,2021
416,Joshua Kelley,LAC,RB,24,6,0,0,0,0,0,0,11,41,3.73,0,4,3,19,6.33,0,0,0,0,N/A,N/A,6,9.0,9.0,7.5,N/A,114,N/A,2021
417,Josh Oliver,BAL,TE,24,11,0,0,0,0,0,0,0,0,N/A,0,13,7,59,8.43,0,1,0,0,N/A,N/A,6,12.9,12.9,9.4,N/A,82,N/A,2021
418,Benny Snell Jr.,PIT,RB,23,12,0,0,0,0,0,0,17,56,3.29,0,3,1,7,7.00,0,0,0,0,N/A,N/A,6,7.3,7.3,6.8,N/A,113,N/A,2021
419,Dede Westbrook,MIN,WR,28,11,0,0,0,0,0,0,0,0,N/A,0,14,9,64,7.11,0,2,0,0,N/A,N/A,6,15.4,15.4,10.9,N/A,163,N/A,2021
420,Blake Bell,KAN,TE,30,11,3,0,0,0,0,0,2,5,2.50,0,8,5,41,8.20,0,0,0,0,N/A,N/A,5,9.6,9.6,7.1,N/A,86,N/A,2021
421,Jaelon Darden,TAM,WR,22,6,0,0,0,0,0,0,1,11,11.00,0,8,6,43,7.17,0,0,0,0,N/A,N/A,5,11.4,11.4,8.4,N/A,167,N/A,2021
422,Luke Farrell,JAX,TE,24,11,2,0,0,0,0,0,0,0,N/A,0,9,6,49,8.17,0,1,0,0,N/A,N/A,5,10.9,10.9,7.9,N/A,84,N/A,2021
423,Will Fuller,MIA,WR,27,2,0,0,0,0,0,0,0,0,N/A,0,8,4,26,6.50,0,0,0,0,1,N/A,5,8.6,8.6,6.6,N/A,171,N/A,2021
424,Dax Milne,WAS,WR,22,9,1,0,0,0,0,0,0,0,N/A,0,11,7,71,10.14,0,1,1,0,N/A,N/A,5,12.1,13.1,8.6,N/A,169,N/A,2021
425,Dare Ogunbowale,JAX,RB,27,12,0,0,0,0,0,0,5,13,2.60,0,4,3,32,10.67,0,0,0,0,N/A,N/A,5,7.5,7.5,6.0,N/A,119,N/A,2021
426,Qadree Ollison,ATL,RB,25,3,0,0,0,0,0,0,11,41,3.73,0,4,3,8,2.67,0,0,0,0,N/A,N/A,5,7.9,7.9,6.4,N/A,117,N/A,2021
427,Jalen Richard,LVR,RB,28,6,0,0,0,0,0,0,5,8,1.60,0,10,8,45,5.63,0,0,0,0,N/A,N/A,5,13.3,13.3,9.3,N/A,116,N/A,2021
428,Amari Rodgers,GNB,WR,22,12,1,0,0,0,0,0,1,11,11.00,0,5,3,40,13.33,0,2,0,0,N/A,N/A,5,8.1,8.1,6.6,N/A,170,N/A,2021
429,Drew Sample,CIN,TE,25,12,6,0,0,0,0,0,0,0,N/A,0,10,6,48,8.00,0,0,0,0,N/A,N/A,5,10.8,10.8,7.8,N/A,85,N/A,2021
430,Rodney Smith,CAR,RB,25,2,0,0,0,0,0,0,0,0,N/A,0,5,5,48,9.60,0,0,0,0,N/A,N/A,5,9.8,9.8,7.3,N/A,118,N/A,2021
431,Mike Thomas,CIN,WR,27,8,1,0,0,0,0,0,0,0,N/A,0,8,5,52,10.40,0,0,0,0,N/A,N/A,5,10.2,10.2,7.7,N/A,168,N/A,2021
432,Charlie Woerner,SFO,TE,24,12,2,0,0,0,0,0,0,0,N/A,0,6,5,52,10.40,0,0,0,0,N/A,N/A,5,10.2,10.2,7.7,N/A,83,N/A,2021
433,Brandon Allen,CIN,QB,29,4,0,2,4,13,1,0,5,-4,-0.80,0,0,0,0,N/A,0,0,0,0,N/A,N/A,4,4.1,4.1,4.1,N/A,56,N/A,2021
434,JJ Arcega-Whiteside,PHI,WR,25,12,2,0,0,0,0,0,0,0,N/A,0,2,2,36,18.00,0,0,0,0,N/A,N/A,4,5.6,5.6,4.6,N/A,176,N/A,2021
435,Kalen Ballage,PIT,RB,26,12,0,0,0,0,0,0,11,36,3.27,0,7,2,8,4.00,0,0,0,0,N/A,N/A,4,6.4,6.4,5.4,N/A,120,N/A,2021
436,Darren Fells,2TM,TE,35,8,5,0,0,0,0,0,0,0,N/A,0,5,4,43,10.75,0,0,0,0,N/A,N/A,4,8.3,8.3,6.3,N/A,87,N/A,2021
437,Garrett Griffin,NOR,TE,27,12,5,0,0,0,0,0,0,0,N/A,0,4,4,39,9.75,0,1,0,0,N/A,N/A,4,7.9,7.9,5.9,N/A,88,N/A,2021
438,Penny Hart,SEA,WR,25,12,0,0,0,0,0,0,0,0,N/A,0,10,5,37,7.40,0,0,0,0,N/A,N/A,4,8.7,8.7,6.2,N/A,175,N/A,2021
439,Curtis Samuel,WAS,WR,25,4,1,0,0,0,0,0,4,11,2.75,0,7,6,27,4.50,0,0,0,0,N/A,N/A,4,9.8,9.8,6.8,N/A,174,N/A,2021
440,Willie Snead,2TM,WR,29,8,0,0,0,0,0,0,0,0,N/A,0,7,4,38,9.50,0,0,0,0,N/A,N/A,4,7.8,7.8,5.8,N/A,172,N/A,2021
441,Kevin White,NOR,WR,29,5,1,0,0,0,0,0,0,0,N/A,0,5,1,38,38.00,0,0,0,0,N/A,N/A,4,4.8,4.8,4.3,N/A,173,N/A,2021
442,Jason Cabinda,DET,RB,25,11,2,0,0,0,0,0,3,23,7.67,0,4,1,4,4.00,0,0,0,0,N/A,N/A,3,3.7,3.7,3.2,N/A,125,N/A,2021
443,Corey Clement,DAL,RB,27,12,0,0,0,0,0,0,9,20,2.22,0,1,1,5,5.00,0,0,0,0,N/A,N/A,3,3.5,3.5,3.0,N/A,127,N/A,2021
444,Pharoh Cooper,NYG,WR,26,4,0,0,0,0,0,0,1,3,3.00,0,5,3,27,9.00,0,0,0,0,N/A,N/A,3,6.0,6.0,4.5,N/A,179,N/A,2021
445,Chad Henne,KAN,QB,36,2,0,11,16,82,0,0,3,2,0.67,0,0,0,0,N/A,0,0,0,0,N/A,N/A,3,3.5,3.5,3.5,N/A,57,N/A,2021
446,K.J. Hill,LAC,WR,24,6,0,0,0,0,0,0,0,0,N/A,0,3,3,30,10.00,0,0,0,0,N/A,N/A,3,6.0,6.0,4.5,N/A,177,N/A,2021
447,Kylin Hill,GNB,RB,23,8,0,0,0,0,0,0,10,24,2.40,0,2,1,5,5.00,0,0,0,0,N/A,N/A,3,3.9,3.9,3.4,N/A,123,N/A,2021
448,Tommy Hudson,TEN,TE,24,5,0,0,0,0,0,0,0,0,N/A,0,6,3,31,10.33,0,0,0,0,N/A,N/A,3,6.1,6.1,4.6,N/A,90,N/A,2021
449,Trenton Irwin,CIN,WR,26,6,0,0,0,0,0,0,0,0,N/A,0,1,1,25,25.00,0,0,0,0,N/A,N/A,3,3.5,3.5,3.0,N/A,182,N/A,2021
450,Jakob Johnson,NWE,RB,27,13,4,0,0,0,0,0,0,0,N/A,0,4,3,34,11.33,0,0,0,0,N/A,N/A,3,6.4,6.4,4.9,N/A,121,N/A,2021
451,Andre Roberts,2TM,WR,33,12,0,0,0,0,0,0,2,13,6.50,0,2,1,35,35.00,0,2,1,0,N/A,N/A,3,3.8,4.8,3.3,N/A,180,N/A,2021
452,Wendell Smallwood,WAS,RB,27,1,0,0,0,0,0,0,1,13,13.00,0,2,2,12,6.00,0,0,0,0,N/A,N/A,3,4.5,4.5,3.5,N/A,126,N/A,2021
453,Kaden Smith,NYG,TE,24,10,4,0,0,0,0,0,0,0,N/A,0,3,3,33,11.00,0,0,0,0,N/A,N/A,3,6.3,6.3,4.8,N/A,89,N/A,2021
454,Mike Strachan,IND,WR,24,6,0,0,0,0,0,0,0,0,N/A,0,3,2,26,13.00,0,0,0,0,N/A,N/A,3,4.6,4.6,3.6,N/A,181,N/A,2021
455,Ke'Shawn Vaughn,TAM,RB,24,7,0,0,0,0,0,0,8,31,3.88,0,0,0,0,N/A,0,0,0,0,N/A,N/A,3,3.1,3.1,3.1,N/A,122,N/A,2021
456,Dwayne Washington,NOR,RB,27,10,0,0,0,0,0,0,4,16,4.00,0,2,2,12,6.00,0,0,0,0,N/A,N/A,3,4.8,4.8,3.8,N/A,124,N/A,2021
457,Juwann Winfree,GNB,WR,25,3,0,0,0,0,0,0,0,0,N/A,0,6,4,30,7.50,0,1,0,0,N/A,N/A,3,7.0,7.0,5.0,N/A,178,N/A,2021
458,Nick Bawden,NYJ,RB,25,4,0,0,0,0,0,0,0,0,N/A,0,1,1,20,20.00,0,0,0,0,N/A,N/A,2,3.0,3.0,2.5,N/A,132,N/A,2021
459,C.J. Beathard,JAX,QB,28,2,0,2,2,33,0,0,1,2,2.00,0,0,0,0,N/A,0,0,0,0,N/A,N/A,2,1.5,1.5,1.5,N/A,61,N/A,2021
460,Christian Blake,ATL,WR,25,10,0,0,0,0,0,0,0,0,N/A,0,6,3,20,6.67,0,0,0,0,N/A,N/A,2,5.0,5.0,3.5,N/A,187,N/A,2021
461,Michael Burton,KAN,RB,29,11,0,0,0,0,0,0,4,12,3.00,0,1,1,11,11.00,0,0,0,0,N/A,N/A,2,3.3,3.3,2.8,N/A,128,N/A,2021
462,Cethan Carter,MIA,TE,26,13,1,0,0,0,0,0,0,0,N/A,0,2,2,16,8.00,0,0,0,0,N/A,N/A,2,3.6,3.6,2.6,N/A,91,N/A,2021
463,Darrynton Evans,TEN,RB,23,1,0,0,0,0,0,0,2,7,3.50,0,2,2,11,5.50,0,0,0,0,N/A,N/A,2,3.8,3.8,2.8,N/A,138,N/A,2021
464,Blaine Gabbert,TAM,QB,32,4,0,7,8,67,0,0,8,-6,-0.75,0,0,0,0,N/A,0,0,0,0,N/A,N/A,2,2.1,2.1,2.1,N/A,58,N/A,2021
465,Reggie Gilliam,BUF,RB,24,11,5,0,0,0,0,0,3,3,1.00,0,3,2,15,7.50,0,0,0,0,N/A,N/A,2,3.8,3.8,2.8,N/A,135,N/A,2021
466,Josh Gordon,KAN,WR,30,8,5,0,0,0,0,0,0,0,N/A,0,6,2,18,9.00,0,0,0,0,N/A,N/A,2,3.8,3.8,2.8,N/A,188,N/A,2021
467,Cody Hollister,TEN,WR,28,1,1,0,0,0,0,0,0,0,N/A,0,4,2,22,11.00,0,0,0,0,N/A,N/A,2,4.2,4.2,3.2,N/A,184,N/A,2021
468,Duke Johnson,MIA,RB,28,1,0,0,0,0,0,0,4,18,4.50,0,0,0,0,N/A,0,0,0,0,N/A,N/A,2,1.8,1.8,1.8,N/A,136,N/A,2021
469,Tyron Johnson,JAX,WR,25,5,0,0,0,0,0,0,0,0,N/A,0,5,2,16,8.00,0,0,0,0,N/A,N/A,2,3.6,3.6,2.6,N/A,191,N/A,2021
470,Marcus Kemp,KAN,WR,26,11,0,0,0,0,0,0,0,0,N/A,0,4,2,24,12.00,0,0,0,0,N/A,N/A,2,4.4,4.4,3.4,N/A,183,N/A,2021
471,Tom Kennedy,DET,WR,25,7,0,0,0,0,0,0,0,0,N/A,0,2,1,15,15.00,0,0,0,0,N/A,N/A,2,2.5,2.5,2.0,N/A,193,N/A,2021
472,Keith Kirkwood,CAR,WR,27,2,0,0,0,0,0,0,0,0,N/A,0,6,3,17,5.67,0,0,0,0,N/A,N/A,2,4.7,4.7,3.2,N/A,190,N/A,2021
473,Patrick Laird,MIA,RB,26,6,0,0,0,0,0,0,1,4,4.00,0,3,3,17,5.67,0,0,0,0,N/A,N/A,2,5.1,5.1,3.6,N/A,131,N/A,2021
474,Drew Lock,DEN,QB,25,2,0,16,28,139,0,2,0,0,N/A,0,0,0,0,N/A,0,1,0,0,N/A,N/A,2,1.6,3.6,3.6,N/A,60,N/A,2021
475,Raheem Mostert,SFO,RB,29,1,1,0,0,0,0,0,2,20,10.00,0,0,0,0,N/A,0,0,0,0,N/A,N/A,2,2.0,2.0,2.0,N/A,133,N/A,2021
476,Gabe Nabers,LAC,RB,24,6,1,0,0,0,0,0,1,2,2.00,0,3,3,17,5.67,0,0,0,0,N/A,N/A,2,4.9,4.9,3.4,N/A,134,N/A,2021
477,Gunner Olszewski,NWE,WR,25,12,0,0,0,0,0,0,0,0,N/A,0,1,1,22,22.00,0,1,0,0,N/A,N/A,2,3.2,3.2,2.7,N/A,185,N/A,2021
478,Breshad Perriman,TAM,WR,28,3,0,0,0,0,0,0,1,-3,-3.00,0,7,3,24,8.00,0,0,0,0,N/A,N/A,2,5.1,5.1,3.6,N/A,186,N/A,2021
479,Scottie Phillips,HOU,RB,24,3,0,0,0,0,0,0,6,13,2.17,0,3,2,9,4.50,0,0,0,0,N/A,N/A,2,4.2,4.2,3.2,N/A,129,N/A,2021
480,Shi Smith,CAR,WR,23,4,0,0,0,0,0,0,1,-3,-3.00,0,5,3,18,6.00,0,0,0,0,N/A,N/A,2,4.5,4.5,3.0,N/A,192,N/A,2021
481,Jack Stoll,PHI,TE,23,13,2,0,0,0,0,0,0,0,N/A,0,4,3,15,5.00,0,0,0,0,N/A,N/A,2,4.5,4.5,3.0,N/A,93,N/A,2021
482,Chris Streveler,ARI,QB,26,2,0,6,9,36,0,0,3,6,2.00,0,0,0,0,N/A,0,1,0,0,N/A,N/A,2,2.0,2.0,2.0,N/A,59,N/A,2021
483,Patrick Taylor,GNB,RB,23,4,0,0,0,0,0,0,6,18,3.00,0,0,0,0,N/A,0,0,0,0,N/A,N/A,2,1.8,1.8,1.8,N/A,137,N/A,2021
484,Jonathan Ward,ARI,RB,24,8,0,0,0,0,0,0,5,21,4.20,0,0,0,0,N/A,0,0,0,0,N/A,N/A,2,2.1,2.1,2.1,N/A,130,N/A,2021
485,Derek Watt,PIT,RB,29,12,3,0,0,0,0,0,0,0,N/A,0,3,3,15,5.00,0,0,0,0,N/A,N/A,2,4.5,4.5,3.0,N/A,139,N/A,2021
486,Trevon Wesco,NYJ,TE,26,10,5,0,0,0,0,0,0,0,N/A,0,4,2,16,8.00,0,0,0,0,N/A,N/A,2,3.6,3.6,2.6,N/A,92,N/A,2021
487,Cody White,PIT,WR,23,10,0,0,0,0,0,0,0,0,N/A,0,3,2,17,8.50,0,0,0,0,N/A,N/A,2,3.7,3.7,2.7,N/A,189,N/A,2021
488,Kendall Blanton,LAR,TE,26,6,0,0,0,0,0,0,0,0,N/A,0,3,2,8,4.00,0,1,0,0,N/A,N/A,1,2.8,2.8,1.8,N/A,98,N/A,2021
489,David Blough,DET,QB,26,1,0,0,0,0,0,0,1,6,6.00,0,0,0,0,N/A,0,1,0,0,N/A,N/A,1,0.6,0.6,0.6,N/A,64,N/A,2021
490,Miles Boykin,BAL,WR,25,5,0,0,0,0,0,0,0,0,N/A,0,1,1,6,6.00,0,0,0,0,N/A,N/A,1,1.6,1.6,1.1,N/A,200,N/A,2021
491,Gary Brightwell,NYG,RB,22,11,0,0,0,0,0,0,1,4,4.00,0,1,1,6,6.00,0,0,0,0,N/A,N/A,1,2.0,2.0,1.5,N/A,145,N/A,2021
492,Derek Carrier,LVR,TE,31,4,1,0,0,0,0,0,0,0,N/A,0,2,2,13,6.50,0,0,0,0,N/A,N/A,1,3.3,3.3,2.3,N/A,94,N/A,2021
493,Keke Coutee,IND,WR,24,1,0,0,0,0,0,0,0,0,N/A,0,1,1,5,5.00,0,0,0,0,N/A,N/A,1,1.5,1.5,1.0,N/A,202,N/A,2021
494,Damarea Crockett,DEN,RB,24,9,0,0,0,0,0,0,3,7,2.33,0,0,0,0,N/A,0,0,0,0,N/A,N/A,1,0.7,0.7,0.7,N/A,149,N/A,2021
495,Dominique Dafney,GNB,TE,24,6,2,0,0,0,0,0,0,0,N/A,0,2,1,8,8.00,0,0,0,0,N/A,N/A,1,1.8,1.8,1.3,N/A,100,N/A,2021
496,Frank Darby,ATL,WR,24,6,0,0,0,0,0,0,0,0,N/A,0,3,1,14,14.00,0,0,0,0,N/A,N/A,1,2.4,2.4,1.9,N/A,195,N/A,2021
497,Sam Ehlinger,IND,QB,23,3,0,0,0,0,0,0,3,9,3.00,0,0,0,0,N/A,0,0,0,0,N/A,N/A,1,0.9,0.9,0.9,N/A,62,N/A,2021
498,Ryan Fitzpatrick,WAS,QB,39,1,1,3,6,13,0,0,1,2,2.00,0,0,0,0,N/A,0,1,0,0,N/A,N/A,1,0.7,0.7,0.7,N/A,63,N/A,2021
499,Jake Funk,LAR,RB,23,6,0,0,0,0,0,0,1,6,6.00,0,0,0,0,N/A,0,0,0,0,N/A,N/A,1,0.6,0.6,0.6,N/A,150,N/A,2021
500,Demetrius Harris,ARI,TE,30,11,3,0,0,0,0,0,0,0,N/A,0,5,2,7,3.50,0,0,0,0,N/A,N/A,1,2.7,2.7,1.7,N/A,104,N/A,2021
501,Parker Hesse,ATL,TE,26,6,0,0,0,0,0,0,0,0,N/A,0,3,2,12,6.00,0,0,0,0,N/A,N/A,1,3.2,3.2,2.2,N/A,95,N/A,2021
502,Buddy Howell,LAR,RB,25,7,0,0,0,0,0,0,5,11,2.20,0,0,0,0,N/A,0,0,0,0,N/A,N/A,1,1.1,1.1,1.1,N/A,144,N/A,2021
503,John Kelly,CLE,RB,25,3,0,0,0,0,0,0,2,13,6.50,0,0,0,0,N/A,0,0,0,0,N/A,N/A,1,1.3,1.3,1.3,N/A,142,N/A,2021
504,Hunter Long,MIA,TE,23,5,2,0,0,0,0,0,0,0,N/A,0,2,1,8,8.00,0,0,0,0,N/A,N/A,1,1.8,1.8,1.3,N/A,99,N/A,2021
505,Anthony McFarland Jr.,PIT,RB,22,2,0,0,0,0,0,0,3,3,1.00,0,1,1,11,11.00,0,0,0,0,N/A,N/A,1,2.4,2.4,1.9,N/A,140,N/A,2021
506,Tre' McKitty,LAC,TE,22,6,2,0,0,0,0,0,0,0,N/A,0,2,1,7,7.00,0,0,0,0,N/A,N/A,1,1.7,1.7,1.2,N/A,102,N/A,2021
507,Kirk Merritt,MIA,WR,24,1,0,0,0,0,0,0,0,0,N/A,0,3,1,13,13.00,0,0,0,0,N/A,N/A,1,2.3,2.3,1.8,N/A,196,N/A,2021
508,Jaydon Mickens,2TM,WR,27,7,0,0,0,0,0,0,0,0,N/A,0,2,2,10,5.00,0,1,0,0,N/A,N/A,1,3.0,3.0,2.0,N/A,198,N/A,2021
509,Scott Miller,TAM,WR,24,5,0,0,0,0,0,0,0,0,N/A,0,4,2,11,5.50,0,0,0,0,N/A,N/A,1,3.1,3.1,2.1,N/A,197,N/A,2021
510,Johnny Mundt,LAR,TE,27,6,0,0,0,0,0,0,0,0,N/A,0,1,1,9,9.00,0,0,0,0,N/A,N/A,1,1.9,1.9,1.4,N/A,97,N/A,2021
511,Ryan Nall,CHI,RB,26,8,0,0,0,0,0,0,1,4,4.00,0,1,1,4,4.00,0,0,0,0,N/A,N/A,1,1.8,1.8,1.3,N/A,148,N/A,2021
512,Colby Parkinson,SEA,TE,22,9,0,0,0,0,0,0,0,0,N/A,0,3,2,7,3.50,0,0,0,0,N/A,N/A,1,2.7,2.7,1.7,N/A,101,N/A,2021
513,Dezmon Patmon,IND,WR,23,5,0,0,0,0,0,0,0,0,N/A,0,2,1,7,7.00,0,0,0,0,N/A,N/A,1,1.7,1.7,1.2,N/A,199,N/A,2021
514,Jacques Patrick,SFO,RB,24,2,0,0,0,0,0,0,2,12,6.00,0,0,0,0,N/A,0,0,0,0,N/A,N/A,1,1.2,1.2,1.2,N/A,143,N/A,2021
515,Adam Prentice,NOR,RB,24,2,1,0,0,0,0,0,0,0,N/A,0,1,1,10,10.00,0,0,0,0,N/A,N/A,1,2.0,2.0,1.5,N/A,146,N/A,2021
516,Mekhi Sargent,2TM,RB,24,4,0,0,0,0,0,0,4,9,2.25,0,0,0,0,N/A,0,0,0,0,N/A,N/A,1,0.9,0.9,0.9,N/A,147,N/A,2021
517,Ihmir Smith-Marsette,MIN,WR,22,4,0,0,0,0,0,0,0,0,N/A,0,1,1,6,6.00,0,0,0,0,N/A,N/A,1,1.6,1.6,1.1,N/A,201,N/A,2021
518,Luke Stocker,MIN,TE,33,7,0,0,0,0,0,0,0,0,N/A,0,2,2,12,6.00,0,0,0,0,N/A,N/A,1,3.2,3.2,2.2,N/A,96,N/A,2021
519,Eric Tomlinson,BAL,TE,29,12,4,0,0,0,0,0,0,0,N/A,0,1,1,7,7.00,0,0,0,0,N/A,N/A,1,1.7,1.7,1.2,N/A,103,N/A,2021
520,Trayveon Williams,CIN,RB,24,3,0,0,0,0,0,0,6,13,2.17,0,0,0,0,N/A,0,0,0,0,N/A,N/A,1,1.3,1.3,1.3,N/A,141,N/A,2021
521,Tyrell Williams,DET,WR,29,1,1,0,0,0,0,0,0,0,N/A,0,3,2,14,7.00,0,0,0,0,N/A,N/A,1,3.4,3.4,2.4,N/A,194,N/A,2021
522,Josh Adams,NYJ,N/A,25,1,0,0,0,0,0,0,0,0,N/A,0,0,0,0,N/A,0,0,0,0,N/A,N/A,N/A,N/A,N/A,N/A,N/A,157,N/A,2021
523,Rodney Adams,CHI,N/A,27,1,0,0,0,0,0,0,0,0,N/A,0,1,0,0,N/A,0,0,0,0,N/A,N/A,N/A,N/A,N/A,N/A,N/A,235,N/A,2021
524,Geronimo Allison,DET,N/A,27,3,1,0,0,0,0,0,0,0,N/A,0,2,0,0,N/A,0,0,0,0,N/A,N/A,N/A,N/A,N/A,N/A,N/A,224,N/A,2021
525,Devin Asiasi,NWE,N/A,24,1,0,0,0,0,0,0,0,0,N/A,0,0,0,0,N/A,0,0,0,0,N/A,N/A,N/A,N/A,N/A,N/A,N/A,113,N/A,2021
526,Marcell Ateman,LVR,N/A,27,1,0,0,0,0,0,0,0,0,N/A,0,0,0,0,N/A,0,0,0,0,N/A,N/A,N/A,N/A,N/A,N/A,N/A,211,N/A,2021
527,Tutu Atwell,LAR,N/A,22,8,0,0,0,0,0,0,0,0,N/A,0,0,0,0,N/A,0,1,0,0,N/A,N/A,N/A,N/A,N/A,N/A,N/A,225,N/A,2021
528,Jake Bargas,MIN,N/A,25,1,0,0,0,0,0,0,0,0,N/A,0,0,0,0,N/A,0,0,0,0,N/A,N/A,N/A,N/A,N/A,N/A,N/A,158,N/A,2021
529,Andrew Beck,DEN,N/A,25,10,0,0,0,0,0,0,0,0,N/A,0,0,0,0,N/A,0,0,0,0,N/A,N/A,N/A,N/A,N/A,N/A,N/A,127,N/A,2021
530,Rashod Berry,DET,N/A,25,1,0,0,0,0,0,0,0,0,N/A,0,0,0,0,N/A,0,0,0,0,N/A,N/A,N/A,N/A,N/A,N/A,N/A,128,N/A,2021
531,Nick Boyle,BAL,N/A,28,2,1,0,0,0,0,0,0,0,N/A,0,1,0,0,N/A,0,0,0,0,N/A,N/A,N/A,N/A,N/A,N/A,N/A,118,N/A,2021
532,Darius Bradwell,LAC,N/A,24,1,0,0,0,0,0,0,0,0,N/A,0,1,0,0,N/A,0,0,0,0,N/A,N/A,N/A,N/A,N/A,N/A,N/A,161,N/A,2021
533,Daniel Brown,NYJ,N/A,29,8,0,0,0,0,0,0,0,0,N/A,0,0,0,0,N/A,0,0,0,0,N/A,N/A,N/A,N/A,N/A,N/A,N/A,123,N/A,2021
534,John Brown,2TM,N/A,31,4,0,0,0,0,0,0,0,0,N/A,0,3,0,0,N/A,0,0,0,0,N/A,N/A,N/A,N/A,N/A,N/A,N/A,236,N/A,2021
535,Deante Burton,DAL,N/A,27,1,0,0,0,0,0,0,0,0,N/A,0,0,0,0,N/A,0,0,0,0,N/A,N/A,N/A,N/A,N/A,N/A,N/A,226,N/A,2021
536,Lawrence Cager,CLE,N/A,24,1,0,0,0,0,0,0,0,0,N/A,0,0,0,0,N/A,0,0,0,0,N/A,N/A,N/A,N/A,N/A,N/A,N/A,206,N/A,2021
537,Dan Chisena,MIN,N/A,24,7,0,0,0,0,0,0,0,0,N/A,0,0,0,0,N/A,0,0,0,0,N/A,N/A,N/A,N/A,N/A,N/A,N/A,221,N/A,2021
538,Tyrie Cleveland,DEN,N/A,24,6,0,0,0,0,0,0,0,0,N/A,0,1,0,0,N/A,0,0,0,0,N/A,N/A,N/A,N/A,N/A,N/A,N/A,237,N/A,2021
539,Matt Cole,CAR,N/A,25,1,0,0,0,0,0,0,0,0,N/A,0,0,0,0,N/A,0,0,0,0,N/A,N/A,N/A,N/A,N/A,N/A,N/A,208,N/A,2021
540,Isaiah Coulter,CHI,N/A,23,3,0,0,0,0,0,0,0,0,N/A,0,1,0,0,N/A,0,0,0,0,N/A,N/A,N/A,N/A,N/A,N/A,N/A,222,N/A,2021
541,River Cracraft,SFO,N/A,27,1,0,0,0,0,0,0,0,0,N/A,0,0,0,0,N/A,0,0,0,0,N/A,N/A,N/A,N/A,N/A,N/A,N/A,205,N/A,2021
542,Chase Daniel,LAC,N/A,35,1,0,0,0,0,0,0,0,0,N/A,0,0,0,0,N/A,0,0,0,0,N/A,N/A,N/A,N/A,N/A,N/A,N/A,67,N/A,2021
543,Darrell Daniels,ARI,TE,27,10,3,0,0,0,0,0,0,0,N/A,0,4,1,0,0.00,0,0,0,0,N/A,N/A,N/A,1.0,1.0,0.5,N/A,115,N/A,2021
544,Connor Davis,CLE,N/A,27,1,0,0,0,0,0,0,0,0,N/A,0,0,0,0,N/A,0,0,0,0,N/A,N/A,N/A,N/A,N/A,N/A,N/A,124,N/A,2021
545,Davion Davis,HOU,N/A,25,1,1,0,0,0,0,0,0,0,N/A,0,2,0,0,N/A,0,0,0,0,N/A,N/A,N/A,N/A,N/A,N/A,N/A,232,N/A,2021
546,Tyler Davis,GNB,TE,24,9,0,0,0,0,0,0,0,0,N/A,0,1,1,4,4.00,0,0,0,0,N/A,N/A,N/A,1.4,1.4,0.9,N/A,105,N/A,2021
547,Brandon Dillon,MIN,N/A,24,1,0,0,0,0,0,0,0,0,N/A,0,0,0,0,N/A,0,0,0,0,N/A,N/A,N/A,N/A,N/A,N/A,N/A,109,N/A,2021
548,Phillip Dorsett,2TM,WR,28,3,0,0,0,0,0,0,0,0,N/A,0,2,1,3,3.00,0,0,0,0,N/A,N/A,N/A,1.3,1.3,0.8,N/A,204,N/A,2021
549,Greg Dortch,ARI,N/A,23,2,0,0,0,0,0,0,0,0,N/A,0,0,0,0,N/A,0,0,0,0,N/A,N/A,N/A,N/A,N/A,N/A,N/A,233,N/A,2021
550,Ben Ellefson,MIN,N/A,25,4,0,0,0,0,0,0,0,0,N/A,0,1,0,0,N/A,0,0,0,0,N/A,N/A,N/A,N/A,N/A,N/A,N/A,138,N/A,2021
551,Simi Fehoko,DAL,N/A,24,5,0,0,0,0,0,0,0,0,N/A,0,0,0,0,N/A,0,0,0,0,N/A,N/A,N/A,N/A,N/A,N/A,N/A,215,N/A,2021
552,Daurice Fountain,KAN,N/A,26,1,0,0,0,0,0,0,0,0,N/A,0,0,0,0,N/A,0,0,0,0,N/A,N/A,N/A,N/A,N/A,N/A,N/A,216,N/A,2021
553,Antonio Gandy-Golden,WAS,N/A,23,4,0,0,0,0,0,0,0,0,N/A,0,0,0,0,N/A,0,0,0,0,N/A,N/A,N/A,N/A,N/A,N/A,N/A,239,N/A,2021
554,Cullen Gillaspia,NYG,N/A,26,10,0,0,0,0,0,0,0,0,N/A,0,0,0,0,N/A,0,0,0,0,N/A,N/A,N/A,N/A,N/A,N/A,N/A,160,N/A,2021
555,C.J. Goodwin,DAL,N/A,31,12,0,0,0,0,0,0,0,0,N/A,0,0,0,0,N/A,0,0,0,0,N/A,N/A,N/A,N/A,N/A,N/A,N/A,207,N/A,2021
556,Marvin Hall,ATL,N/A,28,1,0,0,0,0,0,0,0,0,N/A,0,0,0,0,N/A,0,0,0,0,N/A,N/A,N/A,N/A,N/A,N/A,N/A,217,N/A,2021
557,Justin Hardee,NYJ,N/A,27,12,0,0,0,0,0,0,0,0,N/A,0,0,0,0,N/A,0,0,0,0,N/A,N/A,N/A,N/A,N/A,N/A,N/A,218,N/A,2021
558,Clark Harris,CIN,N/A,37,12,0,0,0,0,0,0,0,0,N/A,0,0,0,0,N/A,0,0,0,0,N/A,N/A,N/A,N/A,N/A,N/A,N/A,116,N/A,2021
559,De'Michael Harris,IND,N/A,23,3,0,0,0,0,0,0,0,0,N/A,0,0,0,0,N/A,0,0,0,0,N/A,N/A,N/A,N/A,N/A,N/A,N/A,219,N/A,2021
560,Jacob Harris,LAR,N/A,24,9,0,0,0,0,0,0,0,0,N/A,0,0,0,0,N/A,0,0,0,0,N/A,N/A,N/A,N/A,N/A,N/A,N/A,110,N/A,2021
561,Daniel Helm,LVR,N/A,26,5,0,0,0,0,0,0,0,0,N/A,0,1,0,0,N/A,0,0,0,0,N/A,N/A,N/A,N/A,N/A,N/A,N/A,137,N/A,2021
562,Temarrick Hemingway,WAS,N/A,28,1,0,0,0,0,0,0,0,0,N/A,0,0,0,0,N/A,0,0,0,0,N/A,N/A,N/A,N/A,N/A,N/A,N/A,111,N/A,2021
563,John Hightower,PHI,N/A,25,1,0,0,0,0,0,0,0,0,N/A,0,0,0,0,N/A,0,1,0,0,N/A,N/A,N/A,N/A,N/A,N/A,N/A,220,N/A,2021
564,Kevin Hogan,TEN,N/A,29,1,0,0,0,0,0,0,0,0,N/A,0,0,0,0,N/A,0,0,0,0,N/A,N/A,N/A,N/A,N/A,N/A,N/A,66,N/A,2021
565,J.P. Holtz,CHI,N/A,28,9,0,0,0,0,0,0,0,0,N/A,0,0,0,0,N/A,0,0,0,0,N/A,N/A,N/A,N/A,N/A,N/A,N/A,131,N/A,2021
566,Brycen Hopkins,LAR,N/A,24,2,0,0,0,0,0,0,0,0,N/A,0,0,0,0,N/A,0,0,0,0,N/A,N/A,N/A,N/A,N/A,N/A,N/A,130,N/A,2021
567,Tanner Hudson,SFO,N/A,27,2,0,0,0,0,0,0,0,0,N/A,0,0,0,0,N/A,0,0,0,0,N/A,N/A,N/A,N/A,N/A,N/A,N/A,114,N/A,2021
568,Andy Isabella,ARI,N/A,25,4,0,0,0,0,0,0,0,0,N/A,0,0,0,0,N/A,0,0,0,0,N/A,N/A,N/A,N/A,N/A,N/A,N/A,231,N/A,2021
569,Tyree Jackson,PHI,N/A,24,5,1,0,0,0,0,0,0,0,N/A,0,1,0,0,N/A,0,0,0,0,N/A,N/A,N/A,N/A,N/A,N/A,N/A,117,N/A,2021
570,Kerryon Johnson,SFO,N/A,24,1,0,0,0,0,0,0,0,0,N/A,0,0,0,0,N/A,0,0,0,0,N/A,N/A,N/A,N/A,N/A,N/A,N/A,155,N/A,2021
571,Taiwan Jones,BUF,N/A,33,12,0,0,0,0,0,0,0,0,N/A,0,0,0,0,N/A,0,0,0,0,N/A,N/A,N/A,N/A,N/A,N/A,N/A,159,N/A,2021
572,Jake Kumerow,BUF,N/A,29,10,1,0,0,0,0,0,0,0,N/A,0,2,0,0,N/A,0,0,0,0,N/A,N/A,N/A,N/A,N/A,N/A,N/A,234,N/A,2021
573,Matt LaCosse,NWE,N/A,29,1,0,0,0,0,0,0,0,0,N/A,0,0,0,0,N/A,0,0,0,0,N/A,N/A,N/A,N/A,N/A,N/A,N/A,135,N/A,2021
574,Tyler Mabry,SEA,N/A,25,4,0,0,0,0,0,0,0,0,N/A,0,0,0,0,N/A,0,0,0,0,N/A,N/A,N/A,N/A,N/A,N/A,N/A,112,N/A,2021
575,Jordan Matthews,SFO,N/A,29,1,0,0,0,0,0,0,0,0,N/A,0,0,0,0,N/A,0,0,0,0,N/A,N/A,N/A,N/A,N/A,N/A,N/A,241,N/A,2021
576,Nate McCrary,BAL,RB,22,1,0,0,0,0,0,0,1,-1,-1.00,0,0,0,0,N/A,0,0,0,0,N/A,N/A,N/A,-0.1,-0.1,-0.1,N/A,162,N/A,2021
577,Codey McElroy,TAM,N/A,29,2,0,0,0,0,0,0,0,0,N/A,0,1,0,0,N/A,0,0,0,0,N/A,N/A,N/A,N/A,N/A,N/A,N/A,210,N/A,2021
578,Racey McMath,TEN,N/A,22,4,0,0,0,0,0,0,0,0,N/A,0,1,0,0,N/A,0,0,0,0,N/A,N/A,N/A,N/A,N/A,N/A,N/A,242,N/A,2021
579,David Moore,DEN,N/A,26,2,0,0,0,0,0,0,0,0,N/A,0,2,0,0,N/A,0,0,0,0,N/A,N/A,N/A,N/A,N/A,N/A,N/A,213,N/A,2021
580,Stanley Morgan Jr.,CIN,WR,25,12,0,0,0,0,0,0,0,0,N/A,0,2,1,3,3.00,0,0,0,0,N/A,N/A,N/A,1.3,1.3,0.8,N/A,203,N/A,2021
581,Jojo Natson,CLE,N/A,27,2,0,0,0,0,0,0,0,0,N/A,0,0,0,0,N/A,0,0,0,0,N/A,N/A,N/A,N/A,N/A,N/A,N/A,214,N/A,2021
582,Matthew Orzech,LAR,N/A,26,12,0,0,0,0,0,0,0,0,N/A,0,0,0,0,N/A,0,1,0,0,N/A,N/A,N/A,N/A,N/A,N/A,N/A,126,N/A,2021
583,Devine Ozigbo,2TM,RB,25,3,0,0,0,0,0,0,1,-3,-3.00,0,1,1,7,7.00,0,0,0,0,N/A,N/A,N/A,1.4,1.4,0.9,N/A,151,N/A,2021
584,La'Mical Perine,NYJ,RB,23,3,0,0,0,0,0,0,1,3,3.00,0,0,0,0,N/A,0,0,0,0,N/A,N/A,N/A,0.3,0.3,0.3,N/A,152,N/A,2021
585,Nathan Peterman,LVR,QB,27,1,0,0,0,0,0,0,2,2,1.00,0,0,0,0,N/A,0,0,0,0,N/A,N/A,N/A,0.2,0.2,0.2,N/A,65,N/A,2021
586,Artavis Pierce,CHI,N/A,25,1,0,0,0,0,0,0,0,0,N/A,0,0,0,0,N/A,0,0,0,0,N/A,N/A,N/A,N/A,N/A,N/A,N/A,156,N/A,2021
587,Brandon Powell,LAR,N/A,26,1,0,0,0,0,0,0,0,0,N/A,0,0,0,0,N/A,0,0,0,0,N/A,N/A,N/A,N/A,N/A,N/A,N/A,209,N/A,2021
588,Kevin Rader,PIT,TE,26,2,0,0,0,0,0,0,0,0,N/A,0,1,1,1,1.00,0,0,0,0,N/A,N/A,N/A,1.1,1.1,0.6,N/A,106,N/A,2021
589,Giovanni Ricci,CAR,N/A,25,11,1,0,0,0,0,0,0,0,N/A,0,0,0,0,N/A,0,0,0,0,N/A,N/A,N/A,N/A,N/A,N/A,N/A,122,N/A,2021
590,Richard Rodgers,PHI,N/A,29,2,0,0,0,0,0,0,0,0,N/A,0,0,0,0,N/A,0,0,0,0,N/A,N/A,N/A,N/A,N/A,N/A,N/A,136,N/A,2021
591,Jaylen Samuels,HOU,RB,25,1,0,0,0,0,0,0,2,2,1.00,0,1,0,0,N/A,0,0,0,0,N/A,N/A,N/A,0.2,0.2,0.2,N/A,153,N/A,2021
592,Mason Schreck,CIN,N/A,28,1,0,0,0,0,0,0,0,0,N/A,0,0,0,0,N/A,0,0,0,0,N/A,N/A,N/A,N/A,N/A,N/A,N/A,120,N/A,2021
593,Steven Sims,PIT,N/A,24,1,0,0,0,0,0,0,0,0,N/A,0,0,0,0,N/A,0,0,0,0,N/A,N/A,N/A,N/A,N/A,N/A,N/A,223,N/A,2021
594,Matthew Slater,NWE,N/A,36,13,0,0,0,0,0,0,0,0,N/A,0,0,0,0,N/A,0,0,0,0,N/A,N/A,N/A,N/A,N/A,N/A,N/A,238,N/A,2021
595,Devin Smith,JAX,N/A,29,4,0,0,0,0,0,0,0,0,N/A,0,1,0,0,N/A,0,0,0,0,N/A,N/A,N/A,N/A,N/A,N/A,N/A,240,N/A,2021
596,Nate Solder,NYG,N/A,33,12,12,0,0,0,0,0,0,0,N/A,0,0,0,0,N/A,0,0,0,0,N/A,N/A,N/A,N/A,N/A,N/A,N/A,132,N/A,2021
597,Jeremy Sprinkle,DAL,N/A,27,12,0,0,0,0,0,0,0,0,N/A,0,0,0,0,N/A,0,0,0,0,N/A,N/A,N/A,N/A,N/A,N/A,N/A,107,N/A,2021
598,Tyrone Swoopes,WAS,N/A,27,1,0,0,0,0,0,0,0,0,N/A,0,0,0,0,N/A,0,0,0,0,N/A,N/A,N/A,N/A,N/A,N/A,N/A,108,N/A,2021
599,Colin Thompson,CAR,N/A,28,9,1,0,0,0,0,0,0,0,N/A,0,1,0,0,N/A,0,0,0,0,N/A,N/A,N/A,N/A,N/A,N/A,N/A,121,N/A,2021
600,Cody Thompson,SEA,N/A,25,2,0,0,0,0,0,0,0,0,N/A,0,0,0,0,N/A,0,0,0,0,N/A,N/A,N/A,N/A,N/A,N/A,N/A,227,N/A,2021
601,Ross Travis,ARI,N/A,28,3,0,0,0,0,0,0,0,0,N/A,0,0,0,0,N/A,0,0,0,0,N/A,N/A,N/A,N/A,N/A,N/A,N/A,129,N/A,2021
602,Tylan Wallace,BAL,N/A,22,12,0,0,0,0,0,0,0,0,N/A,0,1,0,0,N/A,0,0,0,0,N/A,N/A,N/A,N/A,N/A,N/A,N/A,228,N/A,2021
603,Kahale Warring,BUF,N/A,24,1,0,0,0,0,0,0,0,0,N/A,0,0,0,0,N/A,0,0,0,0,N/A,N/A,N/A,N/A,N/A,N/A,N/A,133,N/A,2021
604,Davis Webb,BUF,QB,26,1,0,0,0,0,0,0,2,-3,-1.50,0,0,0,0,N/A,0,0,0,0,N/A,N/A,N/A,-0.3,-0.3,-0.3,N/A,68,N/A,2021
605,Nsimba Webster,CHI,N/A,25,4,0,0,0,0,0,0,0,0,N/A,0,0,0,0,N/A,0,1,0,0,N/A,N/A,N/A,N/A,N/A,N/A,N/A,229,N/A,2021
606,David Wells,ARI,N/A,26,1,0,0,0,0,0,0,0,0,N/A,0,0,0,0,N/A,0,0,0,0,N/A,N/A,N/A,N/A,N/A,N/A,N/A,119,N/A,2021
607,Mitchell Wilcox,CIN,N/A,25,10,0,0,0,0,0,0,0,0,N/A,0,0,0,0,N/A,0,0,0,0,N/A,N/A,N/A,N/A,N/A,N/A,N/A,125,N/A,2021
608,Jordan Wilkins,IND,N/A,27,4,0,0,0,0,0,0,0,0,N/A,0,0,0,0,N/A,0,0,0,0,N/A,N/A,N/A,N/A,N/A,N/A,N/A,154,N/A,2021
609,Kristian Wilkerson,NWE,N/A,24,1,0,0,0,0,0,0,0,0,N/A,0,0,0,0,N/A,0,0,0,0,N/A,N/A,N/A,N/A,N/A,N/A,N/A,212,N/A,2021
610,Logan Woodside,TEN,QB,26,3,0,0,0,0,0,0,3,-3,-1.00,0,0,0,0,N/A,0,0,0,0,N/A,N/A,N/A,-0.3,-0.3,-0.3,N/A,69,N/A,2021
611,Deon Yelder,TAM,TE,26,5,0,0,0,0,0,0,0,0,N/A,0,1,1,0,0.00,0,0,0,0,N/A,N/A,N/A,1.0,1.0,0.5,N/A,134,N/A,2021
612,Khari Blasingame,TEN,RB,25,7,3,0,0,0,0,0,3,6,2.00,0,0,0,0,N/A,0,1,1,0,N/A,N/A,-1,-1.4,-0.4,-1.4,N/A,163,N/A,2021
613,Tim Boyle,DET,QB,27,1,1,15,23,77,0,2,0,0,N/A,0,0,0,0,N/A,0,0,0,0,N/A,N/A,-1,-0.9,1.1,1.1,N/A,70,N/A,2021
614,Jacob Eason,IND,QB,24,1,0,2,5,25,0,1,0,0,N/A,0,0,0,0,N/A,0,0,0,0,N/A,N/A,-1,-1.0,N/A,N/A,N/A,71,N/A,2021
615,Feleipe Franks,ATL,QB,24,8,0,0,1,0,0,1,3,6,2.00,0,0,0,0,N/A,0,0,0,0,N/A,N/A,-1,-1.4,-0.4,-0.4,N/A,72,N/A,2021
616,Malik Taylor,GNB,WR,26,8,0,0,0,0,0,0,0,0,N/A,0,3,2,14,7.00,0,1,1,0,N/A,N/A,-1,1.4,2.4,0.4,N/A,243,N/A,2021
617,Travis Benjamin,SFO,N/A,32,5,0,0,0,0,0,0,0,0,N/A,0,3,0,0,N/A,0,1,1,0,N/A,N/A,-2,-2.0,-1.0,-2.0,N/A,244,N/A,2021
618,Trenton Cannon,2TM,RB,27,12,0,0,0,0,0,0,3,4,1.33,0,0,0,0,N/A,0,1,1,0,N/A,N/A,-2,-1.6,-0.6,-1.6,N/A,164,N/A,2021
619,Diontae Spencer,DEN,WR,29,11,0,0,0,0,0,0,0,0,N/A,0,3,1,-3,-3.00,0,1,1,0,N/A,N/A,-2,-1.3,-0.3,-1.8,N/A,245,N/A,2021
620,John Wolford,LAR,QB,26,3,0,1,4,5,0,1,2,-1,-0.50,0,0,0,0,N/A,0,0,0,0,N/A,N/A,-2,-1.9,-0.9,-0.9,N/A,73,N/A,2021
621,Josh Rosen,ATL,QB,24,4,0,2,11,19,0,2,0,0,N/A,0,0,0,0,N/A,0,0,0,0,N/A,N/A,-3,-3.2,-1.2,-1.2,N/A,74,N/A,2021
